"","Treatment","Kingdom","Phylum","Class","Order","Family","Genus","Abundance","Prevalence"
"1","untreated","Bacteria","Abditibacteriota","Abditibacteria","Abditibacteriales","Abditibacteriaceae","Abditibacterium",0.033647224282369,12
"2","untreated","Bacteria","Acidobacteriota","Acidobacteriae","Acidobacteriales","Acidobacteriaceae (Subgroup 1)","Edaphobacter",0.00256026615611302,2
"3","untreated","Bacteria","Acidobacteriota","Acidobacteriae","Acidobacteriales","Acidobacteriaceae (Subgroup 1)","Granulicella",0.00551122082890503,4
"4","untreated","Bacteria","Acidobacteriota","Acidobacteriae","Acidobacteriales","Acidobacteriaceae (Subgroup 1)","Terracidiphilus",0.00198665481993432,4
"5","untreated","Bacteria","Acidobacteriota","Acidobacteriae","Acidobacteriales","Koribacteraceae","Candidatus Koribacter",0.0197828863393789,11
"6","untreated","Bacteria","Acidobacteriota","Acidobacteriae","Bryobacterales","Bryobacteraceae","Bryobacter",0.303541034477689,12
"7","untreated","Bacteria","Acidobacteriota","Acidobacteriae","Solibacterales","Solibacteraceae","Candidatus Solibacter",0.0379209928214654,11
"8","untreated","Bacteria","Acidobacteriota","Blastocatellia","Blastocatellales","Blastocatellaceae","Aridibacter",0.00673188941512259,6
"9","untreated","Bacteria","Acidobacteriota","Blastocatellia","Blastocatellales","Blastocatellaceae","Blastocatella",0.00632281559633583,7
"10","untreated","Bacteria","Acidobacteriota","Blastocatellia","Blastocatellales","Blastocatellaceae","JGI 0001001-H03",0.00546853600598714,7
"11","untreated","Bacteria","Acidobacteriota","Blastocatellia","Blastocatellales","Blastocatellaceae","Stenotrophobacter",0.01311031120653,8
"12","untreated","Bacteria","Acidobacteriota","Blastocatellia","Blastocatellales","Blastocatellaceae","Tellurimicrobium",0.00396459657210147,5
"13","untreated","Bacteria","Acidobacteriota","Blastocatellia","Pyrinomonadales","Pyrinomonadaceae","RB41",0.0603849665088059,12
"14","untreated","Bacteria","Acidobacteriota","Thermoanaerobaculia","Thermoanaerobaculales","Thermoanaerobaculaceae","Subgroup 10",0.11328817221167,12
"15","untreated","Bacteria","Acidobacteriota","Vicinamibacteria","Vicinamibacterales","Vicinamibacteraceae","Vicinamibacter",0.00141756246322745,2
"16","untreated","Bacteria","Actinobacteriota","Acidimicrobiia","Microtrichales","Iamiaceae","Iamia",0.00298477811268592,4
"17","untreated","Bacteria","Actinobacteriota","Actinobacteria","Corynebacteriales","Mycobacteriaceae","Mycobacterium",0.0954361536244504,12
"18","untreated","Bacteria","Actinobacteriota","Actinobacteria","Corynebacteriales","Nocardiaceae","Nocardia",0.00282868193214259,3
"19","untreated","Bacteria","Actinobacteriota","Actinobacteria","Corynebacteriales","Nocardiaceae","Rhodococcus",0.010769596370332,7
"20","untreated","Bacteria","Actinobacteriota","Actinobacteria","Frankiales","Cryptosporangiaceae","Fodinicola",0.00292653864802226,3
"21","untreated","Bacteria","Actinobacteriota","Actinobacteria","Frankiales","Frankiaceae","Jatrophihabitans",0.00559915124088309,4
"22","untreated","Bacteria","Actinobacteriota","Actinobacteria","Frankiales","Geodermatophilaceae","Blastococcus",0.25374853604069,12
"23","untreated","Bacteria","Actinobacteriota","Actinobacteria","Frankiales","Geodermatophilaceae","Geodermatophilus",0.0622708416146627,12
"24","untreated","Bacteria","Actinobacteriota","Actinobacteria","Frankiales","Geodermatophilaceae","Modestobacter",0.0922807568864459,12
"25","untreated","Bacteria","Actinobacteriota","Actinobacteria","Frankiales","Nakamurellaceae","Nakamurella",0.000608124543906592,1
"26","untreated","Bacteria","Actinobacteriota","Actinobacteria","Kineosporiales","Kineosporiaceae","Angustibacter",0.126086832446402,12
"27","untreated","Bacteria","Actinobacteriota","Actinobacteria","Kineosporiales","Kineosporiaceae","Kineosporia",0.0006156877231868,1
"28","untreated","Bacteria","Actinobacteriota","Actinobacteria","Micrococcales","Cellulomonadaceae","Cellulomonas",0.0304378292696147,10
"29","untreated","Bacteria","Actinobacteriota","Actinobacteria","Micrococcales","Intrasporangiaceae","Knoellia",0.023212521353653,8
"30","untreated","Bacteria","Actinobacteriota","Actinobacteria","Micrococcales","Intrasporangiaceae","Oryzihumus",0.0239844069013491,10
"31","untreated","Bacteria","Actinobacteriota","Actinobacteria","Micrococcales","Intrasporangiaceae","Pedococcus-Phycicoccus",0.017052464695277,7
"32","untreated","Bacteria","Actinobacteriota","Actinobacteria","Micrococcales","Intrasporangiaceae","Terrabacter",0.0202396662442514,11
"33","untreated","Bacteria","Actinobacteriota","Actinobacteria","Micrococcales","Microbacteriaceae","Amnibacterium",0.0025902350512764,2
"34","untreated","Bacteria","Actinobacteriota","Actinobacteria","Micrococcales","Microbacteriaceae","Conyzicola",0.00714322636968795,2
"35","untreated","Bacteria","Actinobacteriota","Actinobacteria","Micrococcales","Microbacteriaceae","Curtobacterium",0.0047650865304333,2
"36","untreated","Bacteria","Actinobacteriota","Actinobacteria","Micrococcales","Microbacteriaceae","Galbitalea",0.0229528755268046,8
"37","untreated","Bacteria","Actinobacteriota","Actinobacteria","Micrococcales","Micrococcaceae","Paenarthrobacter",0.020073042587326,11
"38","untreated","Bacteria","Actinobacteriota","Actinobacteria","Micrococcales","Micrococcaceae","Pseudarthrobacter",1.458829880146,12
"39","untreated","Bacteria","Actinobacteriota","Actinobacteria","Micrococcales","Micrococcaceae","Renibacterium",0.0327484464010904,5
"40","untreated","Bacteria","Actinobacteriota","Actinobacteria","Micrococcales","Promicromonosporaceae","Promicromonospora",0.0443164161112166,12
"41","untreated","Bacteria","Actinobacteriota","Actinobacteria","Micromonosporales","Micromonosporaceae","Actinoplanes",0.000647836227001814,1
"42","untreated","Bacteria","Actinobacteriota","Actinobacteria","Micromonosporales","Micromonosporaceae","Dactylosporangium",0.00686116861067741,5
"43","untreated","Bacteria","Actinobacteriota","Actinobacteria","Micromonosporales","Micromonosporaceae","Hamadaea",0.000473688743432952,1
"44","untreated","Bacteria","Actinobacteriota","Actinobacteria","Micromonosporales","Micromonosporaceae","Micromonospora",0.00363417214736032,3
"45","untreated","Bacteria","Actinobacteriota","Actinobacteria","Micromonosporales","Micromonosporaceae","Planosporangium",0.00080039404014284,1
"46","untreated","Bacteria","Actinobacteriota","Actinobacteria","Propionibacteriales","Nocardioidaceae","Aeromicrobium",0.0865639462520864,12
"47","untreated","Bacteria","Actinobacteriota","Actinobacteria","Propionibacteriales","Nocardioidaceae","Kribbella",0.283406514277388,12
"48","untreated","Bacteria","Actinobacteriota","Actinobacteria","Propionibacteriales","Nocardioidaceae","Marmoricola",0.132995793524184,12
"49","untreated","Bacteria","Actinobacteriota","Actinobacteria","Propionibacteriales","Nocardioidaceae","Nocardioides",0.21897824006994,12
"50","untreated","Bacteria","Actinobacteriota","Actinobacteria","Pseudonocardiales","Pseudonocardiaceae","Actinokineospora",0.0110302319470304,5
"51","untreated","Bacteria","Actinobacteriota","Actinobacteria","Pseudonocardiales","Pseudonocardiaceae","Actinomycetospora",0.00802619595970793,4
"52","untreated","Bacteria","Actinobacteriota","Actinobacteria","Pseudonocardiales","Pseudonocardiaceae","Actinophytocola",0.00169599321602714,1
"53","untreated","Bacteria","Actinobacteriota","Actinobacteria","Pseudonocardiales","Pseudonocardiaceae","Amycolatopsis",0.198047123177023,12
"54","untreated","Bacteria","Actinobacteriota","Actinobacteria","Pseudonocardiales","Pseudonocardiaceae","Pseudonocardia",0.12776999641478,12
"55","untreated","Bacteria","Actinobacteriota","Actinobacteria","Pseudonocardiales","Pseudonocardiaceae","Saccharothrix",0.0237676638394654,11
"56","untreated","Bacteria","Actinobacteriota","Actinobacteria","Pseudonocardiales","Pseudonocardiaceae","Umezawaea",0.0144980118272625,10
"57","untreated","Bacteria","Actinobacteriota","Actinobacteria","Streptomycetales","Streptomycetaceae","Streptacidiphilus",0.00664347511941383,3
"58","untreated","Bacteria","Actinobacteriota","Actinobacteria","Streptomycetales","Streptomycetaceae","Streptomyces",0.254303951506319,12
"59","untreated","Bacteria","Actinobacteriota","Actinobacteria","Streptosporangiales","Streptosporangiaceae","Nonomuraea",0.0187584729935392,12
"60","untreated","Bacteria","Actinobacteriota","Actinobacteria","Streptosporangiales","Streptosporangiaceae","Streptosporangium",0.0142211600584464,10
"61","untreated","Bacteria","Actinobacteriota","Actinobacteria","Streptosporangiales","Streptosporangiales Incertae Sedis","Motilibacter",0.0028839149252479,4
"62","untreated","Bacteria","Actinobacteriota","Actinobacteria","Streptosporangiales","Thermomonosporaceae","Actinoallomurus",0.000951057136586436,1
"63","untreated","Bacteria","Actinobacteriota","Actinobacteria","Streptosporangiales","Thermomonosporaceae","Actinocorallia",0.000252817104882982,1
"64","untreated","Bacteria","Actinobacteriota","Actinobacteria","Streptosporangiales","Thermomonosporaceae","Actinomadura",0.00789548782627967,5
"65","untreated","Bacteria","Actinobacteriota","Rubrobacteria","Rubrobacterales","Rubrobacteriaceae","Rubrobacter",0.113293944058366,12
"66","untreated","Bacteria","Actinobacteriota","Thermoleophilia","Gaiellales","Gaiellaceae","Gaiella",0.0251581122282664,12
"67","untreated","Bacteria","Actinobacteriota","Thermoleophilia","Solirubrobacterales","Solirubrobacteraceae","Conexibacter",0.11757814755974,12
"68","untreated","Bacteria","Actinobacteriota","Thermoleophilia","Solirubrobacterales","Solirubrobacteraceae","JCM 18997",0.00166235685260436,1
"69","untreated","Bacteria","Actinobacteriota","Thermoleophilia","Solirubrobacterales","Solirubrobacteraceae","Parviterribacter",0.0211195090824164,9
"70","untreated","Bacteria","Actinobacteriota","Thermoleophilia","Solirubrobacterales","Solirubrobacteraceae","Patulibacter",0.000494664688007915,1
"71","untreated","Bacteria","Actinobacteriota","Thermoleophilia","Solirubrobacterales","Solirubrobacteraceae","Solirubrobacter",0.18927474952028,12
"72","untreated","Bacteria","Armatimonadota","Chthonomonadetes","Chthonomonadales","Chthonomonadaceae","Chthonomonas",0.0112708467557491,8
"73","untreated","Bacteria","Bacteroidota","Bacteroidia","Chitinophagales","Chitinophagaceae","Aurantisolimonas",0.0285005067193073,12
"74","untreated","Bacteria","Bacteroidota","Bacteroidia","Chitinophagales","Chitinophagaceae","Chitinophaga",0.0103690589943942,8
"75","untreated","Bacteria","Bacteroidota","Bacteroidia","Chitinophagales","Chitinophagaceae","Cnuella",0.0131853640187981,9
"76","untreated","Bacteria","Bacteroidota","Bacteroidia","Chitinophagales","Chitinophagaceae","Edaphobaculum",0.0145563827761409,11
"77","untreated","Bacteria","Bacteroidota","Bacteroidia","Chitinophagales","Chitinophagaceae","Ferruginibacter",0.125943937091431,12
"78","untreated","Bacteria","Bacteroidota","Bacteroidia","Chitinophagales","Chitinophagaceae","Flaviaesturariibacter",0.0179038648431439,8
"79","untreated","Bacteria","Bacteroidota","Bacteroidia","Chitinophagales","Chitinophagaceae","Flavisolibacter",0.188078257246917,12
"80","untreated","Bacteria","Bacteroidota","Bacteroidia","Chitinophagales","Chitinophagaceae","Flavitalea",0.0619158722887648,12
"81","untreated","Bacteria","Bacteroidota","Bacteroidia","Chitinophagales","Chitinophagaceae","Niastella",0.0056026953688697,6
"82","untreated","Bacteria","Bacteroidota","Bacteroidia","Chitinophagales","Chitinophagaceae","Parafilimonas",0.036467810389885,12
"83","untreated","Bacteria","Bacteroidota","Bacteroidia","Chitinophagales","Chitinophagaceae","Sediminibacterium",0.042829322071902,12
"84","untreated","Bacteria","Bacteroidota","Bacteroidia","Chitinophagales","Chitinophagaceae","Segetibacter",0.265440636890891,12
"85","untreated","Bacteria","Bacteroidota","Bacteroidia","Chitinophagales","Chitinophagaceae","Taibaiella",0.0107341496778478,8
"86","untreated","Bacteria","Bacteroidota","Bacteroidia","Chitinophagales","Chitinophagaceae","Terrimonas",0.0251203979799792,11
"87","untreated","Bacteria","Bacteroidota","Bacteroidia","Cytophagales","Cytophagaceae","Cytophaga",0.00344793955047276,7
"88","untreated","Bacteria","Bacteroidota","Bacteroidia","Cytophagales","Cytophagaceae","Rhodocytophaga",0.00559217238883212,7
"89","untreated","Bacteria","Bacteroidota","Bacteroidia","Cytophagales","Cytophagaceae","Sporocytophaga",0.00197415138636842,3
"90","untreated","Bacteria","Bacteroidota","Bacteroidia","Cytophagales","Hymenobacteraceae","Adhaeribacter",0.0316855865881652,11
"91","untreated","Bacteria","Bacteroidota","Bacteroidia","Cytophagales","Hymenobacteraceae","Hymenobacter",0.0315336560346293,12
"92","untreated","Bacteria","Bacteroidota","Bacteroidia","Cytophagales","Microscillaceae","Chryseolinea",0.00348306029065059,4
"93","untreated","Bacteria","Bacteroidota","Bacteroidia","Cytophagales","Microscillaceae","OLB12",0.000215313065196796,1
"94","untreated","Bacteria","Bacteroidota","Bacteroidia","Cytophagales","Microscillaceae","Ohtaekwangia",0.00195013918122356,3
"95","untreated","Bacteria","Bacteroidota","Bacteroidia","Cytophagales","Spirosomaceae","Dyadobacter",0.00764856541576953,7
"96","untreated","Bacteria","Bacteroidota","Bacteroidia","Flavobacteriales","Crocinitomicaceae","Fluviicola",0.00189490389527809,4
"97","untreated","Bacteria","Bacteroidota","Bacteroidia","Flavobacteriales","Flavobacteriaceae","Flavobacterium",0.00676508441598738,9
"98","untreated","Bacteria","Bacteroidota","Bacteroidia","Flavobacteriales","Weeksellaceae","Chryseobacterium",0.00146923131441449,2
"99","untreated","Bacteria","Bacteroidota","Bacteroidia","Sphingobacteriales","Sphingobacteriaceae","Arcticibacter",0.00421752725075972,4
"100","untreated","Bacteria","Bacteroidota","Bacteroidia","Sphingobacteriales","Sphingobacteriaceae","Mucilaginibacter",0.0790594382126383,12
"101","untreated","Bacteria","Bacteroidota","Bacteroidia","Sphingobacteriales","Sphingobacteriaceae","Olivibacter",0.00210071468071868,3
"102","untreated","Bacteria","Bacteroidota","Bacteroidia","Sphingobacteriales","Sphingobacteriaceae","Pedobacter",0.0708269816699602,12
"103","untreated","Bacteria","Bdellovibrionota","Bdellovibrionia","Bacteriovoracales","Bacteriovoracaceae","Peredibacter",0.00631620965710483,6
"104","untreated","Bacteria","Bdellovibrionota","Bdellovibrionia","Bdellovibrionales","Bdellovibrionaceae","Bdellovibrio",0.0015024455777367,4
"105","untreated","Bacteria","Bdellovibrionota","Bdellovibrionia","Bdellovibrionales","Bdellovibrionaceae","OM27 clade",0.00120153884635632,2
"106","untreated","Bacteria","Bdellovibrionota","Oligoflexia","Oligoflexales","Oligoflexaceae","Oligoflexus",0.00693098223013977,9
"107","untreated","Bacteria","Chloroflexi","Chloroflexia","Chloroflexales","Chloroflexaceae","FFCH7168",0.00287680675428065,5
"108","untreated","Bacteria","Chloroflexi","Chloroflexia","Thermomicrobiales","Thermomicrobiaceae","Nitrolancea",0.00155898080846187,5
"109","untreated","Bacteria","Deinococcota","Deinococci","Deinococcales","Deinococcaceae","Deinococcus",0.000618298276657465,3
"110","untreated","Bacteria","Fibrobacterota","Fibrobacteria","Fibrobacterales","Fibrobacteraceae","possible genus 04",0.00867643580918127,12
"111","untreated","Bacteria","Firmicutes","Bacilli","Alicyclobacillales","Alicyclobacillaceae","Tumebacillus",0.231662113226863,12
"112","untreated","Bacteria","Firmicutes","Bacilli","Bacillales","Bacillaceae","Bacillus",0.631848494101302,12
"113","untreated","Bacteria","Firmicutes","Bacilli","Bacillales","Bacillaceae","Terribacillus",0.0113037339325163,11
"114","untreated","Bacteria","Firmicutes","Bacilli","Bacillales","Planococcaceae","Domibacillus",0.0181266638921342,11
"115","untreated","Bacteria","Firmicutes","Bacilli","Bacillales","Planococcaceae","Paenisporosarcina",0.0983952464196567,12
"116","untreated","Bacteria","Firmicutes","Bacilli","Bacillales","Planococcaceae","Solibacillus",0.12228183184517,12
"117","untreated","Bacteria","Firmicutes","Bacilli","Brevibacillales","Brevibacillaceae","Brevibacillus",0.00132136252795287,2
"118","untreated","Bacteria","Firmicutes","Bacilli","Paenibacillales","Paenibacillaceae","Cohnella",0.00043098140623076,1
"119","untreated","Bacteria","Firmicutes","Bacilli","Paenibacillales","Paenibacillaceae","Paenibacillus",0.139877184790227,12
"120","untreated","Bacteria","Firmicutes","Bacilli","Thermoactinomycetales","Thermoactinomycetaceae","Shimazuella",0.00363491756016225,5
"121","untreated","Bacteria","Firmicutes","Clostridia","Clostridiales","Clostridiaceae","Clostridium sensu stricto 1",0.00135390048471995,3
"122","untreated","Bacteria","Firmicutes","Clostridia","Clostridiales","Clostridiaceae","Clostridium sensu stricto 10",0.00356226958606891,4
"123","untreated","Bacteria","Firmicutes","Clostridia","Clostridiales","Clostridiaceae","Clostridium sensu stricto 6",0.00112139919677692,4
"124","untreated","Bacteria","Firmicutes","Clostridia","Clostridiales","Clostridiaceae","Clostridium sensu stricto 8",0.0205743491997658,12
"125","untreated","Bacteria","Firmicutes","Clostridia","Peptostreptococcales-Tissierellales","Peptostreptococcaceae","Sporacetigenium",0.00284246033939088,6
"126","untreated","Bacteria","Gemmatimonadota","Gemmatimonadetes","Gemmatimonadales","Gemmatimonadaceae","Gemmatimonas",0.114888044367622,12
"127","untreated","Bacteria","Gemmatimonadota","Longimicrobia","Longimicrobiales","Longimicrobiaceae","YC-ZSS-LKJ147",0.0278221496156865,12
"128","untreated","Bacteria","Myxococcota","Myxococcia","Myxococcales","Myxococcaceae","Archangium",0.0518656189020914,10
"129","untreated","Bacteria","Myxococcota","Myxococcia","Myxococcales","Myxococcaceae","Corallococcus",0.00468255898808076,1
"130","untreated","Bacteria","Myxococcota","Myxococcia","Myxococcales","Myxococcaceae","KD3-10",0.000361167292689974,1
"131","untreated","Bacteria","Myxococcota","Myxococcia","Myxococcales","Myxococcaceae","Myxococcus",0.00383099608448664,4
"132","untreated","Bacteria","Myxococcota","Myxococcia","Myxococcales","Myxococcaceae","P3OB-42",0.00340685344724035,7
"133","untreated","Bacteria","Myxococcota","Polyangia","Haliangiales","Haliangiaceae","Haliangium",0.0629018899170632,12
"134","untreated","Bacteria","Myxococcota","Polyangia","Nannocystales","Nannocystaceae","Nannocystis",0.0108204041975641,12
"135","untreated","Bacteria","Myxococcota","Polyangia","Polyangiales","Phaselicystidaceae","Phaselicystis",0.0016637532304348,5
"136","untreated","Bacteria","Myxococcota","Polyangia","Polyangiales","Polyangiaceae","Aetherobacter",0.0368576978912696,12
"137","untreated","Bacteria","Myxococcota","Polyangia","Polyangiales","Polyangiaceae","Labilithrix",0.00118824110930845,2
"138","untreated","Bacteria","Myxococcota","Polyangia","Polyangiales","Polyangiaceae","Pajaroellobacter",0.011326377441276,7
"139","untreated","Bacteria","Myxococcota","Polyangia","Polyangiales","Polyangiaceae","Polyangium",0.00226107415993906,4
"140","untreated","Bacteria","Myxococcota","Polyangia","Polyangiales","Sandaracinaceae","Sandaracinus",0.000706284824825415,2
"141","untreated","Bacteria","Nitrospirota","Nitrospiria","Nitrospirales","Nitrospiraceae","Nitrospira",0.0441437632760256,12
"142","untreated","Bacteria","Planctomycetota","Planctomycetes","Gemmatales","Gemmataceae","Fimbriiglobus",0.00216387151314497,5
"143","untreated","Bacteria","Planctomycetota","Planctomycetes","Gemmatales","Gemmataceae","Gemmata",0.0353775183699674,12
"144","untreated","Bacteria","Planctomycetota","Planctomycetes","Gemmatales","Gemmataceae","Zavarzinella",0.00176625154150736,4
"145","untreated","Bacteria","Planctomycetota","Planctomycetes","Isosphaerales","Isosphaeraceae","Aquisphaera",0.0100280175640016,11
"146","untreated","Bacteria","Planctomycetota","Planctomycetes","Isosphaerales","Isosphaeraceae","Singulisphaera",0.00692554619076716,6
"147","untreated","Bacteria","Planctomycetota","Planctomycetes","Isosphaerales","Isosphaeraceae","Tundrisphaera",0.000361167292689974,1
"148","untreated","Bacteria","Planctomycetota","Planctomycetes","Pirellulales","Pirellulaceae","Pir4 lineage",0.00347641121894725,6
"149","untreated","Bacteria","Planctomycetota","Planctomycetes","Pirellulales","Pirellulaceae","Pirellula",0.020476161336359,12
"150","untreated","Bacteria","Planctomycetota","Planctomycetes","Pirellulales","Pirellulaceae","Rhodopirellula",0.00043098140623076,1
"151","untreated","Bacteria","Planctomycetota","Planctomycetes","Planctomycetales","Rubinisphaeraceae","SH-PL14",0.00475950369307838,9
"152","untreated","Bacteria","Proteobacteria","Alphaproteobacteria","Acetobacterales","Acetobacteraceae","Acidicaldus",0.000861252260787185,1
"153","untreated","Bacteria","Proteobacteria","Alphaproteobacteria","Acetobacterales","Acetobacteraceae","Acidiphilium",0.00585049517185941,9
"154","untreated","Bacteria","Proteobacteria","Alphaproteobacteria","Acetobacterales","Acetobacteraceae","Belnapia",0.0615076491644262,12
"155","untreated","Bacteria","Proteobacteria","Alphaproteobacteria","Acetobacterales","Acetobacteraceae","Roseomonas",0.0169302322800194,11
"156","untreated","Bacteria","Proteobacteria","Alphaproteobacteria","Azospirillales","Azospirillaceae","Skermanella",0.342275756756397,12
"157","untreated","Bacteria","Proteobacteria","Alphaproteobacteria","Azospirillales","Inquilinaceae","Inquilinus",0.00875460127500435,10
"158","untreated","Bacteria","Proteobacteria","Alphaproteobacteria","Caulobacterales","Caulobacteraceae","Asticcacaulis",0.000714699015915425,2
"159","untreated","Bacteria","Proteobacteria","Alphaproteobacteria","Caulobacterales","Caulobacteraceae","Caulobacter",0.00290733673201631,3
"160","untreated","Bacteria","Proteobacteria","Alphaproteobacteria","Caulobacterales","Caulobacteraceae","Phenylobacterium",0.0110836275162727,7
"161","untreated","Bacteria","Proteobacteria","Alphaproteobacteria","Dongiales","Dongiaceae","Dongia",0.00265387124288841,5
"162","untreated","Bacteria","Proteobacteria","Alphaproteobacteria","Reyranellales","Reyranellaceae","Reyranella",0.0129175770093691,9
"163","untreated","Bacteria","Proteobacteria","Alphaproteobacteria","Rhizobiales","Beijerinckiaceae","Methylobacterium-Methylorubrum",0.0160682044105954,11
"164","untreated","Bacteria","Proteobacteria","Alphaproteobacteria","Rhizobiales","Beijerinckiaceae","Methylorosula",0.00829926817667873,3
"165","untreated","Bacteria","Proteobacteria","Alphaproteobacteria","Rhizobiales","Beijerinckiaceae","Microvirga",0.402757386282097,12
"166","untreated","Bacteria","Proteobacteria","Alphaproteobacteria","Rhizobiales","Beijerinckiaceae","Psychroglaciecola",0.0127965428433725,9
"167","untreated","Bacteria","Proteobacteria","Alphaproteobacteria","Rhizobiales","Beijerinckiaceae","alphaI cluster",0.000635997456010176,1
"168","untreated","Bacteria","Proteobacteria","Alphaproteobacteria","Rhizobiales","Devosiaceae","Devosia",0.0469144657240035,12
"169","untreated","Bacteria","Proteobacteria","Alphaproteobacteria","Rhizobiales","Hyphomicrobiaceae","Hyphomicrobium",0.000252817104882982,1
"170","untreated","Bacteria","Proteobacteria","Alphaproteobacteria","Rhizobiales","Kaistiaceae","Kaistia",0.000361167292689974,1
"171","untreated","Bacteria","Proteobacteria","Alphaproteobacteria","Rhizobiales","Labraceae","Labrys",0.00866928250677737,10
"172","untreated","Bacteria","Proteobacteria","Alphaproteobacteria","Rhizobiales","Rhizobiaceae","Allorhizobium-Neorhizobium-Pararhizobium-Rhizobium",0.027841987605879,10
"173","untreated","Bacteria","Proteobacteria","Alphaproteobacteria","Rhizobiales","Rhizobiaceae","Aminobacter",0.026620531839082,12
"174","untreated","Bacteria","Proteobacteria","Alphaproteobacteria","Rhizobiales","Rhizobiaceae","Aureimonas",0.000430626130393592,1
"175","untreated","Bacteria","Proteobacteria","Alphaproteobacteria","Rhizobiales","Rhizobiaceae","Martelella",0.000668936998297251,1
"176","untreated","Bacteria","Proteobacteria","Alphaproteobacteria","Rhizobiales","Rhizobiaceae","Mesorhizobium",0.0508295471968963,12
"177","untreated","Bacteria","Proteobacteria","Alphaproteobacteria","Rhizobiales","Rhizobiaceae","Neorhizobium",0.00324579013010685,3
"178","untreated","Bacteria","Proteobacteria","Alphaproteobacteria","Rhizobiales","Rhizobiaceae","Phyllobacterium",0.0477901625631855,12
"179","untreated","Bacteria","Proteobacteria","Alphaproteobacteria","Rhizobiales","Rhizobiaceae","Pseudaminobacter",0.000664050709326894,1
"180","untreated","Bacteria","Proteobacteria","Alphaproteobacteria","Rhizobiales","Rhizobiales Incertae Sedis","Alsobacter",0.0151803378120203,11
"181","untreated","Bacteria","Proteobacteria","Alphaproteobacteria","Rhizobiales","Rhizobiales Incertae Sedis","Bauldia",0.000494001411432604,1
"182","untreated","Bacteria","Proteobacteria","Alphaproteobacteria","Rhizobiales","Rhizobiales Incertae Sedis","Nordella",0.0160504122421636,11
"183","untreated","Bacteria","Proteobacteria","Alphaproteobacteria","Rhizobiales","Xanthobacteraceae","Afipia",0.00756323533514413,2
"184","untreated","Bacteria","Proteobacteria","Alphaproteobacteria","Rhizobiales","Xanthobacteraceae","Pseudolabrys",0.0197510855519947,9
"185","untreated","Bacteria","Proteobacteria","Alphaproteobacteria","Rhizobiales","Xanthobacteraceae","Pseudorhodoplanes",0.00347633194643566,4
"186","untreated","Bacteria","Proteobacteria","Alphaproteobacteria","Rhizobiales","Xanthobacteraceae","Rhodoplanes",0.044230429114461,12
"187","untreated","Bacteria","Proteobacteria","Alphaproteobacteria","Rhizobiales","Xanthobacteraceae","Tardiphaga",0.0220305388357978,11
"188","untreated","Bacteria","Proteobacteria","Alphaproteobacteria","Rhodobacterales","Rhodobacteraceae","Cereibacter",0.000494001411432604,1
"189","untreated","Bacteria","Proteobacteria","Alphaproteobacteria","Rhodobacterales","Rhodobacteraceae","Rubellimicrobium",0.0241294887155496,12
"190","untreated","Bacteria","Proteobacteria","Alphaproteobacteria","Sphingomonadales","Sphingomonadaceae","Altererythrobacter",0.00571303162222251,5
"191","untreated","Bacteria","Proteobacteria","Alphaproteobacteria","Sphingomonadales","Sphingomonadaceae","Ellin6055",0.0495928702631315,11
"192","untreated","Bacteria","Proteobacteria","Alphaproteobacteria","Sphingomonadales","Sphingomonadaceae","Novosphingobium",0.000989329376015829,1
"193","untreated","Bacteria","Proteobacteria","Alphaproteobacteria","Sphingomonadales","Sphingomonadaceae","Polymorphobacter",0.000686217856110951,1
"194","untreated","Bacteria","Proteobacteria","Alphaproteobacteria","Sphingomonadales","Sphingomonadaceae","Porphyrobacter",0.00429690982998197,5
"195","untreated","Bacteria","Proteobacteria","Alphaproteobacteria","Sphingomonadales","Sphingomonadaceae","Qipengyuania",0.0131099545956959,8
"196","untreated","Bacteria","Proteobacteria","Alphaproteobacteria","Sphingomonadales","Sphingomonadaceae","Sphingoaurantiacus",0.000651041666666667,1
"197","untreated","Bacteria","Proteobacteria","Alphaproteobacteria","Sphingomonadales","Sphingomonadaceae","Sphingobium",0.000705716302046577,1
"198","untreated","Bacteria","Proteobacteria","Alphaproteobacteria","Sphingomonadales","Sphingomonadaceae","Sphingomonas",0.78437839909753,12
"199","untreated","Bacteria","Proteobacteria","Alphaproteobacteria","Tistrellales","Geminicoccaceae","Candidatus Alysiosphaera",0.00439430144609312,6
"200","untreated","Bacteria","Proteobacteria","Alphaproteobacteria","Tistrellales","Geminicoccaceae","Geminicoccus",0.00895446798661484,9
"201","untreated","Bacteria","Proteobacteria","Gammaproteobacteria","Burkholderiales","Burkholderiaceae","Burkholderia-Caballeronia-Paraburkholderia",0.0149588083755552,8
"202","untreated","Bacteria","Proteobacteria","Gammaproteobacteria","Burkholderiales","Burkholderiaceae","Lautropia",0.00196841676473668,4
"203","untreated","Bacteria","Proteobacteria","Gammaproteobacteria","Burkholderiales","Comamonadaceae","Azohydromonas",0.0417166005520501,11
"204","untreated","Bacteria","Proteobacteria","Gammaproteobacteria","Burkholderiales","Comamonadaceae","Caenimonas",0.0103136997075135,5
"205","untreated","Bacteria","Proteobacteria","Gammaproteobacteria","Burkholderiales","Comamonadaceae","Piscinibacter",0.0816544047466011,12
"206","untreated","Bacteria","Proteobacteria","Gammaproteobacteria","Burkholderiales","Comamonadaceae","Ramlibacter",0.111729598437546,12
"207","untreated","Bacteria","Proteobacteria","Gammaproteobacteria","Burkholderiales","Comamonadaceae","Rhizobacter",0.00791769636621167,6
"208","untreated","Bacteria","Proteobacteria","Gammaproteobacteria","Burkholderiales","Comamonadaceae","Variovorax",0.00209333825883512,1
"209","untreated","Bacteria","Proteobacteria","Gammaproteobacteria","Burkholderiales","Comamonadaceae","Xylophilus",0.00120575316510206,1
"210","untreated","Bacteria","Proteobacteria","Gammaproteobacteria","Burkholderiales","Methylophilaceae","Methylotenera",0.00781648441545736,8
"211","untreated","Bacteria","Proteobacteria","Gammaproteobacteria","Burkholderiales","Nitrosomonadaceae","Ellin6067",0.0335565335297688,9
"212","untreated","Bacteria","Proteobacteria","Gammaproteobacteria","Burkholderiales","Nitrosomonadaceae","MND1",0.0282011538489654,11
"213","untreated","Bacteria","Proteobacteria","Gammaproteobacteria","Burkholderiales","Nitrosomonadaceae","Nitrosospira",0.0860593681124845,12
"214","untreated","Bacteria","Proteobacteria","Gammaproteobacteria","Burkholderiales","Nitrosomonadaceae","mle1-7",0.0271577246395722,12
"215","untreated","Bacteria","Proteobacteria","Gammaproteobacteria","Burkholderiales","Oxalobacteraceae","Massilia",0.120172822215484,12
"216","untreated","Bacteria","Proteobacteria","Gammaproteobacteria","Burkholderiales","Oxalobacteraceae","Noviherbaspirillum",0.0933238899526493,12
"217","untreated","Bacteria","Proteobacteria","Gammaproteobacteria","Burkholderiales","Oxalobacteraceae","Oxalicibacterium",0.0982698267730982,12
"218","untreated","Bacteria","Proteobacteria","Gammaproteobacteria","Burkholderiales","Rhodocyclaceae","Uliginosibacterium",0.000486499635125274,1
"219","untreated","Bacteria","Proteobacteria","Gammaproteobacteria","Diplorickettsiales","Diplorickettsiaceae","Aquicella",0.00586326949818992,8
"220","untreated","Bacteria","Proteobacteria","Gammaproteobacteria","Enterobacterales","Morganellaceae","Candidatus Regiella",0.000542534722222222,1
"221","untreated","Bacteria","Proteobacteria","Gammaproteobacteria","Gammaproteobacteria Incertae Sedis","Unknown Family","Acidibacter",0.0591330438474739,12
"222","untreated","Bacteria","Proteobacteria","Gammaproteobacteria","Legionellales","Legionellaceae","Legionella",0.00768254005505267,7
"223","untreated","Bacteria","Proteobacteria","Gammaproteobacteria","Nitrosococcales","Nitrosococcaceae","SZB85",0.0107272405297586,11
"224","untreated","Bacteria","Proteobacteria","Gammaproteobacteria","Pseudomonadales","Cellvibrionaceae","Cellvibrio",0.015008794196499,12
"225","untreated","Bacteria","Proteobacteria","Gammaproteobacteria","Pseudomonadales","Pseudohongiellaceae","BIyi10",0.0133932830994395,12
"226","untreated","Bacteria","Proteobacteria","Gammaproteobacteria","Pseudomonadales","Pseudomonadaceae","Pseudomonas",0.0136780672979863,8
"227","untreated","Bacteria","Proteobacteria","Gammaproteobacteria","Salinisphaerales","Solimonadaceae","Polycyclovorans",0.00159803192980327,4
"228","untreated","Bacteria","Proteobacteria","Gammaproteobacteria","Steroidobacterales","Steroidobacteraceae","Steroidobacter",0.0453755884841714,12
"229","untreated","Bacteria","Proteobacteria","Gammaproteobacteria","Xanthomonadales","Rhodanobacteraceae","Frateuria",0.00193178388167824,1
"230","untreated","Bacteria","Proteobacteria","Gammaproteobacteria","Xanthomonadales","Rhodanobacteraceae","Luteibacter",0.0108701707756275,9
"231","untreated","Bacteria","Proteobacteria","Gammaproteobacteria","Xanthomonadales","Rhodanobacteraceae","Rhodanobacter",0.00249981865404333,4
"232","untreated","Bacteria","Proteobacteria","Gammaproteobacteria","Xanthomonadales","Rhodanobacteraceae","Rudaea",0.00049255017854944,1
"233","untreated","Bacteria","Proteobacteria","Gammaproteobacteria","Xanthomonadales","Xanthomonadaceae","Arenimonas",0.0102449577529758,9
"234","untreated","Bacteria","Proteobacteria","Gammaproteobacteria","Xanthomonadales","Xanthomonadaceae","Luteimonas",0.0185756643036481,11
"235","untreated","Bacteria","Proteobacteria","Gammaproteobacteria","Xanthomonadales","Xanthomonadaceae","Lysobacter",0.0038991516736476,6
"236","untreated","Bacteria","Proteobacteria","Gammaproteobacteria","Xanthomonadales","Xanthomonadaceae","Pseudoxanthomonas",0.0017157440648743,4
"237","untreated","Bacteria","Proteobacteria","Gammaproteobacteria","Xanthomonadales","Xanthomonadaceae","Thermomonas",0.0173153489617863,10
"238","untreated","Bacteria","Sumerlaeota","Sumerlaeia","Sumerlaeales","Sumerlaeaceae","Sumerlaea",0.0258866516714558,12
"239","untreated","Bacteria","Verrucomicrobiota","Chlamydiae","Chlamydiales","Parachlamydiaceae","Neochlamydia",0.00146075447390168,4
"240","untreated","Bacteria","Verrucomicrobiota","Chlamydiae","Chlamydiales","Simkaniaceae","Ga0074140",0.000216700375613984,1
"241","untreated","Bacteria","Verrucomicrobiota","Verrucomicrobiae","Chthoniobacterales","Chthoniobacteraceae","Candidatus Udaeobacter",0.575744077307759,12
"242","untreated","Bacteria","Verrucomicrobiota","Verrucomicrobiae","Chthoniobacterales","Chthoniobacteraceae","Chthoniobacter",0.324870002160301,12
"243","untreated","Bacteria","Verrucomicrobiota","Verrucomicrobiae","Opitutales","Opitutaceae","Lacunisphaera",0.000926577956327217,2
"244","untreated","Bacteria","Verrucomicrobiota","Verrucomicrobiae","Opitutales","Opitutaceae","Opitutus",0.0354646307988406,10
"245","untreated","Bacteria","Verrucomicrobiota","Verrucomicrobiae","Pedosphaerales","Pedosphaeraceae","ADurb.Bin063-1",0.00132552670198322,2
"246","untreated","Bacteria","Verrucomicrobiota","Verrucomicrobiae","Pedosphaerales","Pedosphaeraceae","Ellin516",0.00185513639970445,4
"247","untreated","Bacteria","Verrucomicrobiota","Verrucomicrobiae","Pedosphaerales","Pedosphaeraceae","Ellin517",0.0943927809458825,12
"248","untreated","Bacteria","Verrucomicrobiota","Verrucomicrobiae","Verrucomicrobiales","Rubritaleaceae","Luteolibacter",0.00094181891351273,2
"249","untreated","Bacteria","Verrucomicrobiota","Verrucomicrobiae","Verrucomicrobiales","Verrucomicrobiaceae","Prosthecobacter",0.000594628619310585,2
"250","untreated","Bacteria","Verrucomicrobiota","Verrucomicrobiae","Verrucomicrobiales","Verrucomicrobiaceae","Roseimicrobium",0.0108703676498752,8
"251","DADS_treated","Bacteria","Abditibacteriota","Abditibacteria","Abditibacteriales","Abditibacteriaceae","Abditibacterium",0.00081371304391212,2
"252","DADS_treated","Bacteria","Acidobacteriota","Acidobacteriae","Acidobacteriales","Koribacteraceae","Candidatus Koribacter",0.0651239709773262,12
"253","DADS_treated","Bacteria","Acidobacteriota","Acidobacteriae","Bryobacterales","Bryobacteraceae","Bryobacter",0.304227465758782,12
"254","DADS_treated","Bacteria","Acidobacteriota","Acidobacteriae","Solibacterales","Solibacteraceae","Candidatus Solibacter",0.0113394746190566,6
"255","DADS_treated","Bacteria","Acidobacteriota","Blastocatellia","Blastocatellales","Blastocatellaceae","Aridibacter",0.00156678417547983,1
"256","DADS_treated","Bacteria","Acidobacteriota","Blastocatellia","Blastocatellales","Blastocatellaceae","Blastocatella",0.0171047416355858,7
"257","DADS_treated","Bacteria","Acidobacteriota","Blastocatellia","Blastocatellales","Blastocatellaceae","JGI 0001001-H03",0.086763728735518,12
"258","DADS_treated","Bacteria","Acidobacteriota","Blastocatellia","Blastocatellales","Blastocatellaceae","Stenotrophobacter",0.118489871586928,12
"259","DADS_treated","Bacteria","Acidobacteriota","Blastocatellia","Pyrinomonadales","Pyrinomonadaceae","RB41",0.676507894205144,12
"260","DADS_treated","Bacteria","Acidobacteriota","Thermoanaerobaculia","Thermoanaerobaculales","Thermoanaerobaculaceae","Subgroup 10",0.0696075689260338,12
"261","DADS_treated","Bacteria","Acidobacteriota","Vicinamibacteria","Vicinamibacterales","Vicinamibacteraceae","Vicinamibacter",0.010499878658723,7
"262","DADS_treated","Bacteria","Actinobacteriota","Acidimicrobiia","Microtrichales","Iamiaceae","Iamia",0.0159303556713064,8
"263","DADS_treated","Bacteria","Actinobacteriota","Acidimicrobiia","Microtrichales","Ilumatobacteraceae","CL500-29 marine group",0.000803063009884674,2
"264","DADS_treated","Bacteria","Actinobacteriota","Actinobacteria","Corynebacteriales","Mycobacteriaceae","Mycobacterium",0.00430369085423512,4
"265","DADS_treated","Bacteria","Actinobacteriota","Actinobacteria","Corynebacteriales","Nocardiaceae","Nocardia",0.00927976929593119,7
"266","DADS_treated","Bacteria","Actinobacteriota","Actinobacteria","Corynebacteriales","Nocardiaceae","Rhodococcus",0.0765883319919305,12
"267","DADS_treated","Bacteria","Actinobacteriota","Actinobacteria","Frankiales","Geodermatophilaceae","Blastococcus",0.371943513589182,12
"268","DADS_treated","Bacteria","Actinobacteriota","Actinobacteria","Frankiales","Geodermatophilaceae","Geodermatophilus",0.0726835378539855,12
"269","DADS_treated","Bacteria","Actinobacteriota","Actinobacteria","Frankiales","Geodermatophilaceae","Modestobacter",0.0931662058901875,12
"270","DADS_treated","Bacteria","Actinobacteriota","Actinobacteria","Frankiales","Sporichthyaceae","Sporichthya",0.00206774320598661,1
"271","DADS_treated","Bacteria","Actinobacteriota","Actinobacteria","Kineosporiales","Kineosporiaceae","Kineosporia",0.000492319810949193,1
"272","DADS_treated","Bacteria","Actinobacteriota","Actinobacteria","Micrococcales","Cellulomonadaceae","Cellulomonas",0.00349705897257909,2
"273","DADS_treated","Bacteria","Actinobacteriota","Actinobacteria","Micrococcales","Microbacteriaceae","Agromyces",0.00458867285902411,3
"274","DADS_treated","Bacteria","Actinobacteriota","Actinobacteria","Micrococcales","Microbacteriaceae","Cryobacterium",0.00265984654731458,1
"275","DADS_treated","Bacteria","Actinobacteriota","Actinobacteria","Micrococcales","Microbacteriaceae","Galbitalea",0.00927340469271004,3
"276","DADS_treated","Bacteria","Actinobacteriota","Actinobacteria","Micrococcales","Microbacteriaceae","Lysinimonas",0.00256620817080682,1
"277","DADS_treated","Bacteria","Actinobacteriota","Actinobacteria","Micrococcales","Micrococcaceae","Pseudarthrobacter",1.17713090864929,12
"278","DADS_treated","Bacteria","Actinobacteriota","Actinobacteria","Micrococcales","Promicromonosporaceae","Promicromonospora",0.00342040141732059,4
"279","DADS_treated","Bacteria","Actinobacteriota","Actinobacteria","Micromonosporales","Micromonosporaceae","Dactylosporangium",0.00102648326832273,1
"280","DADS_treated","Bacteria","Actinobacteriota","Actinobacteria","Micromonosporales","Micromonosporaceae","Salinispora",0.00105977108944468,1
"281","DADS_treated","Bacteria","Actinobacteriota","Actinobacteria","Micromonosporales","Micromonosporaceae","Virgisporangium",0.00182260024301337,1
"282","DADS_treated","Bacteria","Actinobacteriota","Actinobacteria","Propionibacteriales","Nocardioidaceae","Aeromicrobium",0.0112908043616361,5
"283","DADS_treated","Bacteria","Actinobacteriota","Actinobacteria","Propionibacteriales","Nocardioidaceae","Kribbella",0.00275200621560772,2
"284","DADS_treated","Bacteria","Actinobacteriota","Actinobacteria","Propionibacteriales","Nocardioidaceae","Marmoricola",0.0711190446917172,9
"285","DADS_treated","Bacteria","Actinobacteriota","Actinobacteria","Propionibacteriales","Nocardioidaceae","Nocardioides",0.0178487579818494,7
"286","DADS_treated","Bacteria","Actinobacteriota","Actinobacteria","Pseudonocardiales","Pseudonocardiaceae","Actinophytocola",0.000787711697518708,1
"287","DADS_treated","Bacteria","Actinobacteriota","Actinobacteria","Pseudonocardiales","Pseudonocardiaceae","Pseudonocardia",0.0378841279732209,9
"288","DADS_treated","Bacteria","Actinobacteriota","Actinobacteria","Streptomycetales","Streptomycetaceae","Streptomyces",0.0967137499694008,12
"289","DADS_treated","Bacteria","Actinobacteriota","Actinobacteria","Streptosporangiales","Streptosporangiaceae","Nonomuraea",0.00561721639031618,5
"290","DADS_treated","Bacteria","Actinobacteriota","Actinobacteria","Streptosporangiales","Streptosporangiaceae","Streptosporangium",0.00431455825629974,4
"291","DADS_treated","Bacteria","Actinobacteriota","Actinobacteria","Streptosporangiales","Thermomonosporaceae","Actinomadura",0.000587084148727984,1
"292","DADS_treated","Bacteria","Actinobacteriota","Rubrobacteria","Rubrobacterales","Rubrobacteriaceae","Rubrobacter",0.000790982796124184,1
"293","DADS_treated","Bacteria","Actinobacteriota","Thermoleophilia","Gaiellales","Gaiellaceae","Gaiella",0.154594903299162,12
"294","DADS_treated","Bacteria","Actinobacteriota","Thermoleophilia","Solirubrobacterales","Solirubrobacteraceae","Conexibacter",0.00235017626321974,1
"295","DADS_treated","Bacteria","Actinobacteriota","Thermoleophilia","Solirubrobacterales","Solirubrobacteraceae","Solirubrobacter",0.0796379119757239,12
"296","DADS_treated","Bacteria","Armatimonadota","Chthonomonadetes","Chthonomonadales","Chthonomonadaceae","Chthonomonas",0.000684931506849315,1
"297","DADS_treated","Bacteria","Bacteroidota","Bacteroidia","Chitinophagales","Chitinophagaceae","Aurantisolimonas",0.00603341754396383,4
"298","DADS_treated","Bacteria","Bacteroidota","Bacteroidia","Chitinophagales","Chitinophagaceae","Chitinophaga",0.000387972841901067,1
"299","DADS_treated","Bacteria","Bacteroidota","Bacteroidia","Chitinophagales","Chitinophagaceae","Ferruginibacter",0.0433244351602478,12
"300","DADS_treated","Bacteria","Bacteroidota","Bacteroidia","Chitinophagales","Chitinophagaceae","Flaviaesturariibacter",0.023278854160451,10
"301","DADS_treated","Bacteria","Bacteroidota","Bacteroidia","Chitinophagales","Chitinophagaceae","Flavihumibacter",0.000889855645639707,1
"302","DADS_treated","Bacteria","Bacteroidota","Bacteroidia","Chitinophagales","Chitinophagaceae","Flavisolibacter",0.126912115274592,12
"303","DADS_treated","Bacteria","Bacteroidota","Bacteroidia","Chitinophagales","Chitinophagaceae","Flavitalea",0.113328086192457,12
"304","DADS_treated","Bacteria","Bacteroidota","Bacteroidia","Chitinophagales","Chitinophagaceae","Niastella",0.00804448614748044,6
"305","DADS_treated","Bacteria","Bacteroidota","Bacteroidia","Chitinophagales","Chitinophagaceae","Parasegetibacter",0.00749826037892938,4
"306","DADS_treated","Bacteria","Bacteroidota","Bacteroidia","Chitinophagales","Chitinophagaceae","Segetibacter",0.00240173155963653,2
"307","DADS_treated","Bacteria","Bacteroidota","Bacteroidia","Chitinophagales","Chitinophagaceae","Terrimonas",0.086672894657664,11
"308","DADS_treated","Bacteria","Bacteroidota","Bacteroidia","Cytophagales","Cytophagaceae","Rhodocytophaga",0.0214695979569968,11
"309","DADS_treated","Bacteria","Bacteroidota","Bacteroidia","Cytophagales","Cytophagaceae","Sporocytophaga",0.000453257790368272,1
"310","DADS_treated","Bacteria","Bacteroidota","Bacteroidia","Cytophagales","Hymenobacteraceae","Adhaeribacter",0.121429136395474,12
"311","DADS_treated","Bacteria","Bacteroidota","Bacteroidia","Cytophagales","Hymenobacteraceae","Hymenobacter",0.0106010533714628,7
"312","DADS_treated","Bacteria","Bacteroidota","Bacteroidia","Cytophagales","Microscillaceae","Chryseolinea",0.0327987432528228,8
"313","DADS_treated","Bacteria","Bacteroidota","Bacteroidia","Cytophagales","Microscillaceae","Hassallia",0.0747674753900642,12
"314","DADS_treated","Bacteria","Bacteroidota","Bacteroidia","Cytophagales","Microscillaceae","OLB12",0.00050627784528149,1
"315","DADS_treated","Bacteria","Bacteroidota","Bacteroidia","Cytophagales","Microscillaceae","Ohtaekwangia",0.0349577593874576,11
"316","DADS_treated","Bacteria","Bacteroidota","Bacteroidia","Flavobacteriales","Crocinitomicaceae","Fluviicola",0.00119227323041547,3
"317","DADS_treated","Bacteria","Bacteroidota","Bacteroidia","Flavobacteriales","Flavobacteriaceae","Flavobacterium",0.00313587787547562,3
"318","DADS_treated","Bacteria","Bacteroidota","Bacteroidia","Sphingobacteriales","Sphingobacteriaceae","Arcticibacter",0.0984552179097476,12
"319","DADS_treated","Bacteria","Bacteroidota","Bacteroidia","Sphingobacteriales","Sphingobacteriaceae","Pedobacter",0.0134877700891337,5
"320","DADS_treated","Bacteria","Bacteroidota","Bacteroidia","Sphingobacteriales","Sphingobacteriaceae","Solitalea",0.0031067100420167,4
"321","DADS_treated","Bacteria","Bdellovibrionota","Bdellovibrionia","Bacteriovoracales","Bacteriovoracaceae","Peredibacter",0.0039385717764031,4
"322","DADS_treated","Bacteria","Bdellovibrionota","Bdellovibrionia","Bdellovibrionales","Bdellovibrionaceae","Bdellovibrio",0.00201926477223276,3
"323","DADS_treated","Bacteria","Bdellovibrionota","Bdellovibrionia","Bdellovibrionales","Bdellovibrionaceae","OM27 clade",0.00137106241993553,2
"324","DADS_treated","Bacteria","Bdellovibrionota","Oligoflexia","Oligoflexales","Oligoflexaceae","Oligoflexus",0.00827782002685708,7
"325","DADS_treated","Bacteria","Chloroflexi","Anaerolineae","Caldilineales","Caldilineaceae","Litorilinea",0.00558596843759065,8
"326","DADS_treated","Bacteria","Chloroflexi","Anaerolineae","SBR1031","A4b","OLB13",0.00195679671888201,4
"327","DADS_treated","Bacteria","Chloroflexi","Chloroflexia","Thermomicrobiales","Thermomicrobiaceae","Sphaerobacter",0.00109606138410152,2
"328","DADS_treated","Bacteria","Deinococcota","Deinococci","Deinococcales","Trueperaceae","Truepera",0.00447728455388531,6
"329","DADS_treated","Bacteria","Fibrobacterota","Fibrobacteria","Fibrobacterales","Fibrobacteraceae","possible genus 04",0.00120883801804921,2
"330","DADS_treated","Bacteria","Firmicutes","Bacilli","Alicyclobacillales","Alicyclobacillaceae","Tumebacillus",0.0375817495243883,11
"331","DADS_treated","Bacteria","Firmicutes","Bacilli","Bacillales","Bacillaceae","Bacillus",0.691750378743009,12
"332","DADS_treated","Bacteria","Firmicutes","Bacilli","Bacillales","Bacillaceae","Fictibacillus",0.015317246398105,6
"333","DADS_treated","Bacteria","Firmicutes","Bacilli","Bacillales","Bacillaceae","Terribacillus",0.00800606681718705,7
"334","DADS_treated","Bacteria","Firmicutes","Bacilli","Bacillales","Bacillaceae","Virgibacillus",0.000920716112531969,1
"335","DADS_treated","Bacteria","Firmicutes","Bacilli","Bacillales","Planococcaceae","Domibacillus",0.0382725707921351,10
"336","DADS_treated","Bacteria","Firmicutes","Bacilli","Bacillales","Planococcaceae","Filibacter",0.00114082900240842,1
"337","DADS_treated","Bacteria","Firmicutes","Bacilli","Bacillales","Planococcaceae","Paenisporosarcina",0.42809915976709,12
"338","DADS_treated","Bacteria","Firmicutes","Bacilli","Bacillales","Planococcaceae","Planomicrobium",0.00375716828158988,1
"339","DADS_treated","Bacteria","Firmicutes","Bacilli","Bacillales","Planococcaceae","Psychrobacillus",0.0210873926107193,8
"340","DADS_treated","Bacteria","Firmicutes","Bacilli","Bacillales","Planococcaceae","Rummeliibacillus",0.0012800315084679,1
"341","DADS_treated","Bacteria","Firmicutes","Bacilli","Bacillales","Planococcaceae","Solibacillus",0.499110720169188,12
"342","DADS_treated","Bacteria","Firmicutes","Bacilli","Brevibacillales","Brevibacillaceae","Brevibacillus",0.00190152295713799,2
"343","DADS_treated","Bacteria","Firmicutes","Bacilli","Haloplasmatales","Haloplasmataceae","Haloplasma",0.000760552668272278,1
"344","DADS_treated","Bacteria","Firmicutes","Bacilli","Paenibacillales","Paenibacillaceae","Ammoniphilus",0.00786544508149829,7
"345","DADS_treated","Bacteria","Firmicutes","Bacilli","Paenibacillales","Paenibacillaceae","Cohnella",0.00196628667018122,2
"346","DADS_treated","Bacteria","Firmicutes","Bacilli","Paenibacillales","Paenibacillaceae","Paenibacillus",0.250098055830266,12
"347","DADS_treated","Bacteria","Firmicutes","Bacilli","Thermoactinomycetales","Thermoactinomycetaceae","Laceyella",0.00192385581206966,1
"348","DADS_treated","Bacteria","Firmicutes","Bacilli","Thermoactinomycetales","Thermoactinomycetaceae","Lihuaxuella",0.00788748180260402,4
"349","DADS_treated","Bacteria","Firmicutes","Bacilli","Thermoactinomycetales","Thermoactinomycetaceae","Polycladomyces",0.000911300121506683,1
"350","DADS_treated","Bacteria","Firmicutes","Bacilli","Thermoactinomycetales","Thermoactinomycetaceae","Shimazuella",0.0174775100888555,9
"351","DADS_treated","Bacteria","Firmicutes","Bacilli","Thermoactinomycetales","Thermoactinomycetaceae","Thermoactinomyces",0.0356872895625676,11
"352","DADS_treated","Bacteria","Firmicutes","Bacilli","Thermoactinomycetales","Thermoactinomycetaceae","Thermoflavimicrobium",0.0680376608508058,12
"353","DADS_treated","Bacteria","Firmicutes","Clostridia","Clostridiales","Caloramatoraceae","Fonticella",0.0034141685725804,3
"354","DADS_treated","Bacteria","Firmicutes","Clostridia","Clostridiales","Clostridiaceae","Clostridium sensu stricto 1",0.00623084492294069,5
"355","DADS_treated","Bacteria","Firmicutes","Clostridia","Clostridiales","Clostridiaceae","Clostridium sensu stricto 10",0.00316328607749979,3
"356","DADS_treated","Bacteria","Firmicutes","Clostridia","Clostridiales","Clostridiaceae","Clostridium sensu stricto 13",0.0719240386930438,12
"357","DADS_treated","Bacteria","Firmicutes","Clostridia","Clostridiales","Clostridiaceae","Clostridium sensu stricto 8",0.000587544065804935,1
"358","DADS_treated","Bacteria","Firmicutes","Clostridia","Clostridiales","Oxobacteraceae","Oxobacter",0.00408695989739845,3
"359","DADS_treated","Bacteria","Firmicutes","Clostridia","Lachnospirales","Lachnospiraceae","Anaerocolumna",0.00133442824881954,1
"360","DADS_treated","Bacteria","Firmicutes","Clostridia","Lachnospirales","Lachnospiraceae","Anaerosporobacter",0.00169395821569735,1
"361","DADS_treated","Bacteria","Firmicutes","Clostridia","Oscillospirales","Hungateiclostridiaceae","Ruminiclostridium",0.00177644019267394,2
"362","DADS_treated","Bacteria","Firmicutes","Clostridia","Peptostreptococcales-Tissierellales","Peptostreptococcaceae","Sporacetigenium",0.0013937204902434,2
"363","DADS_treated","Bacteria","Firmicutes","Desulfitobacteriia","Desulfitobacteriales","Desulfitobacteriaceae","Desulfitobacterium",0.00206887899259572,2
"364","DADS_treated","Bacteria","Firmicutes","Desulfitobacteriia","Desulfitobacteriales","Desulfitobacteriaceae","Desulfosporosinus",0.00613473313206587,4
"365","DADS_treated","Bacteria","Gemmatimonadota","Gemmatimonadetes","Gemmatimonadales","Gemmatimonadaceae","Gemmatimonas",0.0434732509698341,12
"366","DADS_treated","Bacteria","Gemmatimonadota","Longimicrobia","Longimicrobiales","Longimicrobiaceae","YC-ZSS-LKJ147",0.000405022276225192,1
"367","DADS_treated","Bacteria","Myxococcota","Myxococcia","Myxococcales","Anaeromyxobacteraceae","Anaeromyxobacter",0.000953793980500212,1
"368","DADS_treated","Bacteria","Myxococcota","Myxococcia","Myxococcales","Myxococcaceae","Archangium",0.0444148034080413,10
"369","DADS_treated","Bacteria","Myxococcota","Myxococcia","Myxococcales","Myxococcaceae","KD3-10",0.00455696375514359,4
"370","DADS_treated","Bacteria","Myxococcota","Myxococcia","Myxococcales","Myxococcaceae","P3OB-42",0.0115566110020513,10
"371","DADS_treated","Bacteria","Myxococcota","Polyangia","Haliangiales","Haliangiaceae","Haliangium",0.158591189833072,12
"372","DADS_treated","Bacteria","Myxococcota","Polyangia","Nannocystales","Nannocystaceae","Nannocystis",0.0106087380745938,8
"373","DADS_treated","Bacteria","Myxococcota","Polyangia","Polyangiales","Phaselicystidaceae","Phaselicystis",0.0133708235977327,10
"374","DADS_treated","Bacteria","Myxococcota","Polyangia","Polyangiales","Polyangiaceae","Aetherobacter",0.0266094504659999,10
"375","DADS_treated","Bacteria","Myxococcota","Polyangia","Polyangiales","Polyangiaceae","Pajaroellobacter",0.00282420161709309,2
"376","DADS_treated","Bacteria","Myxococcota","Polyangia","Polyangiales","Polyangiaceae","Sorangium",0.000818414322250639,1
"377","DADS_treated","Bacteria","Myxococcota","Polyangia","Polyangiales","Sandaracinaceae","Sandaracinus",0.00336972647029979,4
"378","DADS_treated","Bacteria","Nitrospirota","Leptospirillia","Leptospirillales","Leptospirillaceae","Leptospirillum",0.00116950332865654,2
"379","DADS_treated","Bacteria","Nitrospirota","Nitrospiria","Nitrospirales","Nitrospiraceae","Nitrospira",0.338281788494862,12
"380","DADS_treated","Bacteria","Planctomycetota","Planctomycetes","Gemmatales","Gemmataceae","Fimbriiglobus",0.00534500902950489,7
"381","DADS_treated","Bacteria","Planctomycetota","Planctomycetes","Gemmatales","Gemmataceae","Gemmata",0.0495289846203258,12
"382","DADS_treated","Bacteria","Planctomycetota","Planctomycetes","Gemmatales","Gemmataceae","Zavarzinella",0.000741839762611276,1
"383","DADS_treated","Bacteria","Planctomycetota","Planctomycetes","Isosphaerales","Isosphaeraceae","Singulisphaera",0.00257332301473083,4
"384","DADS_treated","Bacteria","Planctomycetota","Planctomycetes","Pirellulales","Pirellulaceae","Bythopirellula",0.00128280284437975,2
"385","DADS_treated","Bacteria","Planctomycetota","Planctomycetes","Pirellulales","Pirellulaceae","Pir4 lineage",0.0471501200435885,12
"386","DADS_treated","Bacteria","Planctomycetota","Planctomycetes","Pirellulales","Pirellulaceae","Pirellula",0.136941271261842,12
"387","DADS_treated","Bacteria","Planctomycetota","Planctomycetes","Pirellulales","Pirellulaceae","Rhodopirellula",0.00104192676344733,3
"388","DADS_treated","Bacteria","Planctomycetota","Planctomycetes","Planctomycetales","Rubinisphaeraceae","SH-PL14",0.0189392430648703,12
"389","DADS_treated","Bacteria","Proteobacteria","Alphaproteobacteria","Acetobacterales","Acetobacteraceae","Belnapia",0.0222560117845658,10
"390","DADS_treated","Bacteria","Proteobacteria","Alphaproteobacteria","Acetobacterales","Acetobacteraceae","Roseomonas",0.0043237689445848,4
"391","DADS_treated","Bacteria","Proteobacteria","Alphaproteobacteria","Acetobacterales","Acetobacteraceae","Rubritepida",0.00344185767005062,4
"392","DADS_treated","Bacteria","Proteobacteria","Alphaproteobacteria","Azospirillales","Azospirillaceae","Skermanella",0.672796217691625,12
"393","DADS_treated","Bacteria","Proteobacteria","Alphaproteobacteria","Caulobacterales","Caulobacteraceae","Caulobacter",0.00265623554879462,2
"394","DADS_treated","Bacteria","Proteobacteria","Alphaproteobacteria","Caulobacterales","Caulobacteraceae","Phenylobacterium",0.00173767251719545,2
"395","DADS_treated","Bacteria","Proteobacteria","Alphaproteobacteria","Caulobacterales","Hyphomonadaceae","Hirschia",0.00200766080884446,2
"396","DADS_treated","Bacteria","Proteobacteria","Alphaproteobacteria","Caulobacterales","Hyphomonadaceae","SWB02",0.0157838640738356,11
"397","DADS_treated","Bacteria","Proteobacteria","Alphaproteobacteria","Dongiales","Dongiaceae","Dongia",0.0107465268695708,8
"398","DADS_treated","Bacteria","Proteobacteria","Alphaproteobacteria","Reyranellales","Reyranellaceae","Reyranella",0.0167796826759981,9
"399","DADS_treated","Bacteria","Proteobacteria","Alphaproteobacteria","Rhizobiales","Beijerinckiaceae","Methylorosula",0.0084135837026446,4
"400","DADS_treated","Bacteria","Proteobacteria","Alphaproteobacteria","Rhizobiales","Beijerinckiaceae","Microvirga",0.225541322254525,12
"401","DADS_treated","Bacteria","Proteobacteria","Alphaproteobacteria","Rhizobiales","Beijerinckiaceae","Neo-b11",0.00873775283967165,6
"402","DADS_treated","Bacteria","Proteobacteria","Alphaproteobacteria","Rhizobiales","Beijerinckiaceae","alphaI cluster",0.00560956706971112,3
"403","DADS_treated","Bacteria","Proteobacteria","Alphaproteobacteria","Rhizobiales","Devosiaceae","Devosia",0.0413653217203453,12
"404","DADS_treated","Bacteria","Proteobacteria","Alphaproteobacteria","Rhizobiales","Hyphomicrobiaceae","Hyphomicrobium",0.0240282323739922,8
"405","DADS_treated","Bacteria","Proteobacteria","Alphaproteobacteria","Rhizobiales","Hyphomicrobiaceae","Pedomicrobium",0.0926813477852363,12
"406","DADS_treated","Bacteria","Proteobacteria","Alphaproteobacteria","Rhizobiales","Kaistiaceae","Kaistia",0.00164888457807953,1
"407","DADS_treated","Bacteria","Proteobacteria","Alphaproteobacteria","Rhizobiales","Labraceae","Labrys",0.0136032950187795,11
"408","DADS_treated","Bacteria","Proteobacteria","Alphaproteobacteria","Rhizobiales","Rhizobiaceae","Allorhizobium-Neorhizobium-Pararhizobium-Rhizobium",0.0360089569154833,12
"409","DADS_treated","Bacteria","Proteobacteria","Alphaproteobacteria","Rhizobiales","Rhizobiaceae","Aminobacter",0.00372251079092443,2
"410","DADS_treated","Bacteria","Proteobacteria","Alphaproteobacteria","Rhizobiales","Rhizobiaceae","Ensifer",0.00555697214049303,5
"411","DADS_treated","Bacteria","Proteobacteria","Alphaproteobacteria","Rhizobiales","Rhizobiaceae","Mesorhizobium",0.0269427563320293,8
"412","DADS_treated","Bacteria","Proteobacteria","Alphaproteobacteria","Rhizobiales","Rhizobiaceae","Phyllobacterium",0.0196476907233879,7
"413","DADS_treated","Bacteria","Proteobacteria","Alphaproteobacteria","Rhizobiales","Rhizobiaceae","Pseudaminobacter",0.000790982796124184,1
"414","DADS_treated","Bacteria","Proteobacteria","Alphaproteobacteria","Rhizobiales","Rhizobiales Incertae Sedis","Alsobacter",0.000793201133144476,1
"415","DADS_treated","Bacteria","Proteobacteria","Alphaproteobacteria","Rhizobiales","Rhizobiales Incertae Sedis","Bauldia",0.0110988941394895,6
"416","DADS_treated","Bacteria","Proteobacteria","Alphaproteobacteria","Rhizobiales","Rhizobiales Incertae Sedis","Nordella",0.236765508237296,12
"417","DADS_treated","Bacteria","Proteobacteria","Alphaproteobacteria","Rhizobiales","Rhodomicrobiaceae","Rhodomicrobium",0.0122187030900298,8
"418","DADS_treated","Bacteria","Proteobacteria","Alphaproteobacteria","Rhizobiales","Xanthobacteraceae","Bradyrhizobium",0.0609861266964131,12
"419","DADS_treated","Bacteria","Proteobacteria","Alphaproteobacteria","Rhizobiales","Xanthobacteraceae","Pseudolabrys",0.0497847241781679,12
"420","DADS_treated","Bacteria","Proteobacteria","Alphaproteobacteria","Rhizobiales","Xanthobacteraceae","Rhodoplanes",0.0489647626440202,12
"421","DADS_treated","Bacteria","Proteobacteria","Alphaproteobacteria","Rhizobiales","Xanthobacteraceae","Rhodopseudomonas",0.000684931506849315,1
"422","DADS_treated","Bacteria","Proteobacteria","Alphaproteobacteria","Rhizobiales","Xanthobacteraceae","Tardiphaga",0.00285465454243999,2
"423","DADS_treated","Bacteria","Proteobacteria","Alphaproteobacteria","Rhodobacterales","Rhodobacteraceae","Paracoccus",0.000787711697518708,1
"424","DADS_treated","Bacteria","Proteobacteria","Alphaproteobacteria","Rhodobacterales","Rhodobacteraceae","Rubellimicrobium",0.00353122950263346,3
"425","DADS_treated","Bacteria","Proteobacteria","Alphaproteobacteria","Sphingomonadales","Sphingomonadaceae","Altererythrobacter",0.000872938894277401,1
"426","DADS_treated","Bacteria","Proteobacteria","Alphaproteobacteria","Sphingomonadales","Sphingomonadaceae","Ellin6055",0.0558318477091014,11
"427","DADS_treated","Bacteria","Proteobacteria","Alphaproteobacteria","Sphingomonadales","Sphingomonadaceae","Novosphingobium",0.000587544065804935,1
"428","DADS_treated","Bacteria","Proteobacteria","Alphaproteobacteria","Sphingomonadales","Sphingomonadaceae","Sphingomonas",0.41059914199205,12
"429","DADS_treated","Bacteria","Proteobacteria","Alphaproteobacteria","Tistrellales","Geminicoccaceae","Candidatus Alysiosphaera",0.0175513748241203,10
"430","DADS_treated","Bacteria","Proteobacteria","Alphaproteobacteria","Tistrellales","Geminicoccaceae","Geminicoccus",0.000587084148727984,1
"431","DADS_treated","Bacteria","Proteobacteria","Gammaproteobacteria","Acidiferrobacterales","Acidiferrobacteraceae","Sulfurifustis",0.00397032929631099,4
"432","DADS_treated","Bacteria","Proteobacteria","Gammaproteobacteria","Burkholderiales","Burkholderiaceae","Lautropia",0.00962088500231746,6
"433","DADS_treated","Bacteria","Proteobacteria","Gammaproteobacteria","Burkholderiales","Comamonadaceae","Caenimonas",0.00769304669960793,4
"434","DADS_treated","Bacteria","Proteobacteria","Gammaproteobacteria","Burkholderiales","Comamonadaceae","Piscinibacter",0.0447016065230963,10
"435","DADS_treated","Bacteria","Proteobacteria","Gammaproteobacteria","Burkholderiales","Comamonadaceae","Ramlibacter",0.0803657908339586,12
"436","DADS_treated","Bacteria","Proteobacteria","Gammaproteobacteria","Burkholderiales","Comamonadaceae","Rhizobacter",0.0189008022175411,6
"437","DADS_treated","Bacteria","Proteobacteria","Gammaproteobacteria","Burkholderiales","Methylophilaceae","Methylotenera",0.0187787331368243,9
"438","DADS_treated","Bacteria","Proteobacteria","Gammaproteobacteria","Burkholderiales","Nitrosomonadaceae","Ellin6067",0.0513619445520908,11
"439","DADS_treated","Bacteria","Proteobacteria","Gammaproteobacteria","Burkholderiales","Nitrosomonadaceae","IS-44",0.0836325797332762,12
"440","DADS_treated","Bacteria","Proteobacteria","Gammaproteobacteria","Burkholderiales","Nitrosomonadaceae","MND1",0.208200718705659,12
"441","DADS_treated","Bacteria","Proteobacteria","Gammaproteobacteria","Burkholderiales","Nitrosomonadaceae","Nitrosospira",0.110065486352291,12
"442","DADS_treated","Bacteria","Proteobacteria","Gammaproteobacteria","Burkholderiales","Nitrosomonadaceae","mle1-7",0.0445493471050806,12
"443","DADS_treated","Bacteria","Proteobacteria","Gammaproteobacteria","Burkholderiales","Nitrosomonadaceae","oc32",0.000906515580736544,1
"444","DADS_treated","Bacteria","Proteobacteria","Gammaproteobacteria","Burkholderiales","Oxalobacteraceae","Janthinobacterium",0.0107848019764645,5
"445","DADS_treated","Bacteria","Proteobacteria","Gammaproteobacteria","Burkholderiales","Oxalobacteraceae","Massilia",0.0436830978296152,11
"446","DADS_treated","Bacteria","Proteobacteria","Gammaproteobacteria","Burkholderiales","Oxalobacteraceae","Noviherbaspirillum",0.0555631725054576,11
"447","DADS_treated","Bacteria","Proteobacteria","Gammaproteobacteria","Burkholderiales","Oxalobacteraceae","Oxalicibacterium",0.0112832763873784,2
"448","DADS_treated","Bacteria","Proteobacteria","Gammaproteobacteria","Diplorickettsiales","Diplorickettsiaceae","Aquicella",0.00863890459432179,7
"449","DADS_treated","Bacteria","Proteobacteria","Gammaproteobacteria","Gammaproteobacteria Incertae Sedis","Unknown Family","Acidibacter",0.14974385993438,12
"450","DADS_treated","Bacteria","Proteobacteria","Gammaproteobacteria","Legionellales","Legionellaceae","Legionella",0.00199310317852946,4
"451","DADS_treated","Bacteria","Proteobacteria","Gammaproteobacteria","Nitrosococcales","Nitrosococcaceae","SZB85",0.00020460358056266,1
"452","DADS_treated","Bacteria","Proteobacteria","Gammaproteobacteria","Pseudomonadales","Cellvibrionaceae","Cellvibrio",0.00152762152710827,3
"453","DADS_treated","Bacteria","Proteobacteria","Gammaproteobacteria","Pseudomonadales","Moraxellaceae","Cavicella",0.0031728045325779,1
"454","DADS_treated","Bacteria","Proteobacteria","Gammaproteobacteria","Pseudomonadales","Pseudohongiellaceae","BIyi10",0.0155896864419969,9
"455","DADS_treated","Bacteria","Proteobacteria","Gammaproteobacteria","Pseudomonadales","Pseudomonadaceae","Pseudomonas",0.0695525271457239,12
"456","DADS_treated","Bacteria","Proteobacteria","Gammaproteobacteria","Salinisphaerales","Solimonadaceae","Panacagrimonas",0.00565025346596072,5
"457","DADS_treated","Bacteria","Proteobacteria","Gammaproteobacteria","Salinisphaerales","Solimonadaceae","Polycyclovorans",0.0214661653542356,10
"458","DADS_treated","Bacteria","Proteobacteria","Gammaproteobacteria","Steroidobacterales","Steroidobacteraceae","Steroidobacter",0.179028203359439,12
"459","DADS_treated","Bacteria","Proteobacteria","Gammaproteobacteria","Xanthomonadales","Xanthomonadaceae","Arenimonas",0.0245819749598662,12
"460","DADS_treated","Bacteria","Proteobacteria","Gammaproteobacteria","Xanthomonadales","Xanthomonadaceae","Luteimonas",0.00386983708733232,3
"461","DADS_treated","Bacteria","Proteobacteria","Gammaproteobacteria","Xanthomonadales","Xanthomonadaceae","Lysobacter",0.00549860480632938,2
"462","DADS_treated","Bacteria","Proteobacteria","Gammaproteobacteria","Xanthomonadales","Xanthomonadaceae","Thermomonas",0.0184201390938508,6
"463","DADS_treated","Bacteria","Sumerlaeota","Sumerlaeia","Sumerlaeales","Sumerlaeaceae","Sumerlaea",0.00778347881348649,8
"464","DADS_treated","Bacteria","Verrucomicrobiota","Verrucomicrobiae","Chthoniobacterales","Chthoniobacteraceae","Candidatus Udaeobacter",0.286326657927516,12
"465","DADS_treated","Bacteria","Verrucomicrobiota","Verrucomicrobiae","Chthoniobacterales","Chthoniobacteraceae","Chthoniobacter",0.247256096932196,12
"466","DADS_treated","Bacteria","Verrucomicrobiota","Verrucomicrobiae","Opitutales","Opitutaceae","Lacunisphaera",0.00865120389755982,7
"467","DADS_treated","Bacteria","Verrucomicrobiota","Verrucomicrobiae","Opitutales","Opitutaceae","Opitutus",0.0986076496986628,12
"468","DADS_treated","Bacteria","Verrucomicrobiota","Verrucomicrobiae","Pedosphaerales","Pedosphaeraceae","ADurb.Bin063-1",0.0174033962545149,7
"469","DADS_treated","Bacteria","Verrucomicrobiota","Verrucomicrobiae","Pedosphaerales","Pedosphaeraceae","ADurb.Bin118",0.00173913043478261,1
"470","DADS_treated","Bacteria","Verrucomicrobiota","Verrucomicrobiae","Pedosphaerales","Pedosphaeraceae","DEV114",0.0016113154936377,3
"471","DADS_treated","Bacteria","Verrucomicrobiota","Verrucomicrobiae","Pedosphaerales","Pedosphaeraceae","Ellin517",0.079425877375121,12
"472","DADS_treated","Bacteria","Verrucomicrobiota","Verrucomicrobiae","Pedosphaerales","Pedosphaeraceae","Pedosphaera",0.00236972072866229,3
"473","DADS_treated","Bacteria","Verrucomicrobiota","Verrucomicrobiae","Verrucomicrobiales","Rubritaleaceae","Luteolibacter",0.00127172530733362,1
"474","DADS_treated","Bacteria","Verrucomicrobiota","Verrucomicrobiae","Verrucomicrobiales","Verrucomicrobiaceae","Roseimicrobium",0.0156375991915354,12
