"","Kingdom","Phylum","Class","Order","Family","Genus","Abundance","Prevalence","Total_Abundance","Percentage"
"1","Bacteria","Abditibacteriota","Abditibacteria","Abditibacteriales","Abditibacteriaceae","Abditibacterium",595,14,319368,0.186305453270209
"2","Bacteria","Acidobacteriota","Acidobacteriae","Acidobacteriales","Acidobacteriaceae (Subgroup 1)","Edaphobacter",50,2,319368,0.0156559204428747
"3","Bacteria","Acidobacteriota","Acidobacteriae","Acidobacteriales","Acidobacteriaceae (Subgroup 1)","Granulicella",86,4,319368,0.0269281831617444
"4","Bacteria","Acidobacteriota","Acidobacteriae","Acidobacteriales","Acidobacteriaceae (Subgroup 1)","Terracidiphilus",40,4,319368,0.0125247363542997
"5","Bacteria","Acidobacteriota","Acidobacteriae","Acidobacteriales","Koribacteraceae","Candidatus Koribacter",957,23,319368,0.299654317276621
"6","Bacteria","Acidobacteriota","Acidobacteriae","Bryobacterales","Bryobacteraceae","Bryobacter",8059,24,319368,2.52342125698254
"7","Bacteria","Acidobacteriota","Acidobacteriae","Solibacterales","Solibacteraceae","Candidatus Solibacter",778,17,319368,0.24360612209113
"8","Bacteria","Acidobacteriota","Blastocatellia","Blastocatellales","Blastocatellaceae","Aridibacter",140,7,319368,0.0438365772400491
"9","Bacteria","Acidobacteriota","Blastocatellia","Blastocatellales","Blastocatellaceae","Blastocatella",273,14,319368,0.0854813256180957
"10","Bacteria","Acidobacteriota","Blastocatellia","Blastocatellales","Blastocatellaceae","JGI 0001001-H03",917,19,319368,0.287129580922322
"11","Bacteria","Acidobacteriota","Blastocatellia","Blastocatellales","Blastocatellaceae","Stenotrophobacter",1355,20,319368,0.424275444001904
"12","Bacteria","Acidobacteriota","Blastocatellia","Blastocatellales","Blastocatellaceae","Tellurimicrobium",69,5,319368,0.0216051702111671
"13","Bacteria","Acidobacteriota","Blastocatellia","Pyrinomonadales","Pyrinomonadaceae","RB41",7552,24,319368,2.36467022369179
"14","Bacteria","Acidobacteriota","Thermoanaerobaculia","Thermoanaerobaculales","Thermoanaerobaculaceae","Subgroup 10",2562,24,319368,0.802209363492899
"15","Bacteria","Acidobacteriota","Vicinamibacteria","Vicinamibacterales","Vicinamibacteraceae","Vicinamibacter",125,9,319368,0.0391398011071867
"16","Bacteria","Actinobacteriota","Acidimicrobiia","Microtrichales","Iamiaceae","Iamia",204,12,319368,0.0638761554069287
"17","Bacteria","Actinobacteriota","Acidimicrobiia","Microtrichales","Ilumatobacteraceae","CL500-29 marine group",8,2,319368,0.00250494727085995
"18","Bacteria","Actinobacteriota","Actinobacteria","Corynebacteriales","Mycobacteriaceae","Mycobacterium",1611,16,319368,0.504433756669422
"19","Bacteria","Actinobacteriota","Actinobacteria","Corynebacteriales","Nocardiaceae","Nocardia",136,10,319368,0.0425841036046191
"20","Bacteria","Actinobacteriota","Actinobacteria","Corynebacteriales","Nocardiaceae","Rhodococcus",909,19,319368,0.284624633651462
"21","Bacteria","Actinobacteriota","Actinobacteria","Frankiales","Cryptosporangiaceae","Fodinicola",45,3,319368,0.0140903283985872
"22","Bacteria","Actinobacteriota","Actinobacteria","Frankiales","Frankiaceae","Jatrophihabitans",83,4,319368,0.025988827935172
"23","Bacteria","Actinobacteriota","Actinobacteria","Frankiales","Geodermatophilaceae","Blastococcus",7884,24,319368,2.46862553543248
"24","Bacteria","Actinobacteriota","Actinobacteria","Frankiales","Geodermatophilaceae","Geodermatophilus",1753,24,319368,0.548896570727186
"25","Bacteria","Actinobacteriota","Actinobacteria","Frankiales","Geodermatophilaceae","Modestobacter",2484,24,319368,0.777786127602014
"26","Bacteria","Actinobacteriota","Actinobacteria","Frankiales","Nakamurellaceae","Nakamurella",10,1,319368,0.00313118408857494
"27","Bacteria","Actinobacteriota","Actinobacteria","Frankiales","Sporichthyaceae","Sporichthya",21,1,319368,0.00657548658600736
"28","Bacteria","Actinobacteriota","Actinobacteria","Kineosporiales","Kineosporiaceae","Angustibacter",2147,12,319368,0.672265223817039
"29","Bacteria","Actinobacteriota","Actinobacteria","Kineosporiales","Kineosporiaceae","Kineosporia",15,2,319368,0.0046967761328624
"30","Bacteria","Actinobacteriota","Actinobacteria","Micrococcales","Cellulomonadaceae","Cellulomonas",574,12,319368,0.179729966684201
"31","Bacteria","Actinobacteriota","Actinobacteria","Micrococcales","Intrasporangiaceae","Knoellia",425,8,319368,0.133075323764435
"32","Bacteria","Actinobacteriota","Actinobacteria","Micrococcales","Intrasporangiaceae","Oryzihumus",414,10,319368,0.129631021267002
"33","Bacteria","Actinobacteriota","Actinobacteria","Micrococcales","Intrasporangiaceae","Pedococcus-Phycicoccus",295,7,319368,0.0923699306129606
"34","Bacteria","Actinobacteriota","Actinobacteria","Micrococcales","Intrasporangiaceae","Terrabacter",352,11,319368,0.110217679917838
"35","Bacteria","Actinobacteriota","Actinobacteria","Micrococcales","Microbacteriaceae","Agromyces",46,3,319368,0.0144034468074447
"36","Bacteria","Actinobacteriota","Actinobacteria","Micrococcales","Microbacteriaceae","Amnibacterium",40,2,319368,0.0125247363542997
"37","Bacteria","Actinobacteriota","Actinobacteria","Micrococcales","Microbacteriaceae","Conyzicola",110,2,319368,0.0344430249743243
"38","Bacteria","Actinobacteriota","Actinobacteria","Micrococcales","Microbacteriaceae","Cryobacterium",26,1,319368,0.00814107863029483
"39","Bacteria","Actinobacteriota","Actinobacteria","Micrococcales","Microbacteriaceae","Curtobacterium",100,2,319368,0.0313118408857494
"40","Bacteria","Actinobacteriota","Actinobacteria","Micrococcales","Microbacteriaceae","Galbitalea",479,11,319368,0.149983717842739
"41","Bacteria","Actinobacteriota","Actinobacteria","Micrococcales","Microbacteriaceae","Lysinimonas",25,1,319368,0.00782796022143734
"42","Bacteria","Actinobacteriota","Actinobacteria","Micrococcales","Micrococcaceae","Paenarthrobacter",332,11,319368,0.103955311740688
"43","Bacteria","Actinobacteriota","Actinobacteria","Micrococcales","Micrococcaceae","Pseudarthrobacter",35724,24,319368,11.1858420380251
"44","Bacteria","Actinobacteriota","Actinobacteria","Micrococcales","Micrococcaceae","Renibacterium",612,5,319368,0.191628466220786
"45","Bacteria","Actinobacteriota","Actinobacteria","Micrococcales","Promicromonosporaceae","Promicromonospora",771,16,319368,0.241414293229128
"46","Bacteria","Actinobacteriota","Actinobacteria","Micromonosporales","Micromonosporaceae","Actinoplanes",10,1,319368,0.00313118408857494
"47","Bacteria","Actinobacteriota","Actinobacteria","Micromonosporales","Micromonosporaceae","Dactylosporangium",146,6,319368,0.0457152876931941
"48","Bacteria","Actinobacteriota","Actinobacteria","Micromonosporales","Micromonosporaceae","Hamadaea",11,1,319368,0.00344430249743243
"49","Bacteria","Actinobacteriota","Actinobacteria","Micromonosporales","Micromonosporaceae","Micromonospora",72,3,319368,0.0225445254377395
"50","Bacteria","Actinobacteriota","Actinobacteria","Micromonosporales","Micromonosporaceae","Planosporangium",13,1,319368,0.00407053931514742
"51","Bacteria","Actinobacteriota","Actinobacteria","Micromonosporales","Micromonosporaceae","Salinispora",10,1,319368,0.00313118408857494
"52","Bacteria","Actinobacteriota","Actinobacteria","Micromonosporales","Micromonosporaceae","Virgisporangium",18,1,319368,0.00563613135943488
"53","Bacteria","Actinobacteriota","Actinobacteria","Propionibacteriales","Nocardioidaceae","Aeromicrobium",1552,17,319368,0.48595977054683
"54","Bacteria","Actinobacteriota","Actinobacteria","Propionibacteriales","Nocardioidaceae","Kribbella",4722,14,319368,1.47854512662508
"55","Bacteria","Actinobacteriota","Actinobacteria","Propionibacteriales","Nocardioidaceae","Marmoricola",2921,21,319368,0.914618872272739
"56","Bacteria","Actinobacteriota","Actinobacteria","Propionibacteriales","Nocardioidaceae","Nocardioides",3948,19,319368,1.23619147816938
"57","Bacteria","Actinobacteriota","Actinobacteria","Pseudonocardiales","Pseudonocardiaceae","Actinokineospora",166,5,319368,0.0519776558703439
"58","Bacteria","Actinobacteriota","Actinobacteria","Pseudonocardiales","Pseudonocardiaceae","Actinomycetospora",172,4,319368,0.0538563663234889
"59","Bacteria","Actinobacteriota","Actinobacteria","Pseudonocardiales","Pseudonocardiaceae","Actinophytocola",32,2,319368,0.0100197890834398
"60","Bacteria","Actinobacteriota","Actinobacteria","Pseudonocardiales","Pseudonocardiaceae","Amycolatopsis",3295,12,319368,1.03172515718544
"61","Bacteria","Actinobacteriota","Actinobacteria","Pseudonocardiales","Pseudonocardiaceae","Pseudonocardia",2550,21,319368,0.798451942586609
"62","Bacteria","Actinobacteriota","Actinobacteria","Pseudonocardiales","Pseudonocardiaceae","Saccharothrix",405,11,319368,0.126812955587285
"63","Bacteria","Actinobacteriota","Actinobacteria","Pseudonocardiales","Pseudonocardiaceae","Umezawaea",239,10,319368,0.074835299716941
"64","Bacteria","Actinobacteriota","Actinobacteria","Streptomycetales","Streptomycetaceae","Streptacidiphilus",121,3,319368,0.0378873274717567
"65","Bacteria","Actinobacteriota","Actinobacteria","Streptomycetales","Streptomycetaceae","Streptomyces",5235,24,319368,1.63917487036898
"66","Bacteria","Actinobacteriota","Actinobacteria","Streptosporangiales","Streptosporangiaceae","Nonomuraea",373,17,319368,0.116793166503845
"67","Bacteria","Actinobacteriota","Actinobacteria","Streptosporangiales","Streptosporangiaceae","Streptosporangium",281,14,319368,0.0879862728889557
"68","Bacteria","Actinobacteriota","Actinobacteria","Streptosporangiales","Streptosporangiales Incertae Sedis","Motilibacter",52,4,319368,0.0162821572605897
"69","Bacteria","Actinobacteriota","Actinobacteria","Streptosporangiales","Thermomonosporaceae","Actinoallomurus",13,1,319368,0.00407053931514742
"70","Bacteria","Actinobacteriota","Actinobacteria","Streptosporangiales","Thermomonosporaceae","Actinocorallia",7,1,319368,0.00219182886200245
"71","Bacteria","Actinobacteriota","Actinobacteria","Streptosporangiales","Thermomonosporaceae","Actinomadura",151,6,319368,0.0472808797374815
"72","Bacteria","Actinobacteriota","Rubrobacteria","Rubrobacterales","Rubrobacteriaceae","Rubrobacter",1955,13,319368,0.6121464893164
"73","Bacteria","Actinobacteriota","Thermoleophilia","Gaiellales","Gaiellaceae","Gaiella",1910,24,319368,0.598056160917813
"74","Bacteria","Actinobacteriota","Thermoleophilia","Solirubrobacterales","Solirubrobacteraceae","Conexibacter",2017,13,319368,0.631559830665565
"75","Bacteria","Actinobacteriota","Thermoleophilia","Solirubrobacterales","Solirubrobacteraceae","JCM 18997",27,1,319368,0.00845419703915233
"76","Bacteria","Actinobacteriota","Thermoleophilia","Solirubrobacterales","Solirubrobacteraceae","Parviterribacter",378,9,319368,0.118358758548133
"77","Bacteria","Actinobacteriota","Thermoleophilia","Solirubrobacterales","Solirubrobacteraceae","Patulibacter",7,1,319368,0.00219182886200245
"78","Bacteria","Actinobacteriota","Thermoleophilia","Solirubrobacterales","Solirubrobacteraceae","Solirubrobacter",4059,24,319368,1.27094762155257
"79","Bacteria","Armatimonadota","Chthonomonadetes","Chthonomonadales","Chthonomonadaceae","Chthonomonas",210,9,319368,0.0657548658600736
"80","Bacteria","Bacteroidota","Bacteroidia","Chitinophagales","Chitinophagaceae","Aurantisolimonas",537,16,319368,0.168144585556474
"81","Bacteria","Bacteroidota","Bacteroidia","Chitinophagales","Chitinophagaceae","Chitinophaga",199,9,319368,0.0623105633626412
"82","Bacteria","Bacteroidota","Bacteroidia","Chitinophagales","Chitinophagaceae","Cnuella",219,9,319368,0.0685729315397911
"83","Bacteria","Bacteroidota","Bacteroidia","Chitinophagales","Chitinophagaceae","Edaphobaculum",239,11,319368,0.074835299716941
"84","Bacteria","Bacteroidota","Bacteroidia","Chitinophagales","Chitinophagaceae","Ferruginibacter",2572,24,319368,0.805340547581473
"85","Bacteria","Bacteroidota","Bacteroidia","Chitinophagales","Chitinophagaceae","Flaviaesturariibacter",537,18,319368,0.168144585556474
"86","Bacteria","Bacteroidota","Bacteroidia","Chitinophagales","Chitinophagaceae","Flavihumibacter",9,1,319368,0.00281806567971744
"87","Bacteria","Bacteroidota","Bacteroidia","Chitinophagales","Chitinophagaceae","Flavisolibacter",4448,24,319368,1.39275068259813
"88","Bacteria","Bacteroidota","Bacteroidia","Chitinophagales","Chitinophagaceae","Flavitalea",2152,24,319368,0.673830815861326
"89","Bacteria","Bacteroidota","Bacteroidia","Chitinophagales","Chitinophagaceae","Niastella",188,12,319368,0.0588662608652088
"90","Bacteria","Bacteroidota","Bacteroidia","Chitinophagales","Chitinophagaceae","Parafilimonas",609,12,319368,0.190689110994214
"91","Bacteria","Bacteroidota","Bacteroidia","Chitinophagales","Chitinophagaceae","Parasegetibacter",76,4,319368,0.0237969990731695
"92","Bacteria","Bacteroidota","Bacteroidia","Chitinophagales","Chitinophagaceae","Sediminibacterium",716,12,319368,0.224192780741965
"93","Bacteria","Bacteroidota","Bacteroidia","Chitinophagales","Chitinophagaceae","Segetibacter",4555,14,319368,1.42625435234588
"94","Bacteria","Bacteroidota","Bacteroidia","Chitinophagales","Chitinophagaceae","Taibaiella",176,8,319368,0.0551088399589189
"95","Bacteria","Bacteroidota","Bacteroidia","Chitinophagales","Chitinophagaceae","Terrimonas",1257,22,319368,0.393589839933869
"96","Bacteria","Bacteroidota","Bacteroidia","Cytophagales","Cytophagaceae","Cytophaga",65,7,319368,0.0203526965757371
"97","Bacteria","Bacteroidota","Bacteroidia","Cytophagales","Cytophagaceae","Rhodocytophaga",301,18,319368,0.0942486410661056
"98","Bacteria","Bacteroidota","Bacteroidia","Cytophagales","Cytophagaceae","Sporocytophaga",35,4,319368,0.0109591443100123
"99","Bacteria","Bacteroidota","Bacteroidia","Cytophagales","Hymenobacteraceae","Adhaeribacter",1723,23,319368,0.539503018461461
"100","Bacteria","Bacteroidota","Bacteroidia","Cytophagales","Hymenobacteraceae","Hymenobacter",654,19,319368,0.204779439392801
"101","Bacteria","Bacteroidota","Bacteroidia","Cytophagales","Microscillaceae","Chryseolinea",401,12,319368,0.125560481951855
"102","Bacteria","Bacteroidota","Bacteroidia","Cytophagales","Microscillaceae","Hassallia",727,12,319368,0.227637083239398
"103","Bacteria","Bacteroidota","Bacteroidia","Cytophagales","Microscillaceae","OLB12",10,2,319368,0.00313118408857494
"104","Bacteria","Bacteroidota","Bacteroidia","Cytophagales","Microscillaceae","Ohtaekwangia",368,14,319368,0.115227574459558
"105","Bacteria","Bacteroidota","Bacteroidia","Cytophagales","Spirosomaceae","Dyadobacter",129,7,319368,0.0403922747426167
"106","Bacteria","Bacteroidota","Bacteroidia","Flavobacteriales","Crocinitomicaceae","Fluviicola",46,7,319368,0.0144034468074447
"107","Bacteria","Bacteroidota","Bacteroidia","Flavobacteriales","Flavobacteriaceae","Flavobacterium",151,12,319368,0.0472808797374815
"108","Bacteria","Bacteroidota","Bacteroidia","Flavobacteriales","Weeksellaceae","Chryseobacterium",31,2,319368,0.0097066706745823
"109","Bacteria","Bacteroidota","Bacteroidia","Sphingobacteriales","Sphingobacteriaceae","Arcticibacter",1032,16,319368,0.323138197940933
"110","Bacteria","Bacteroidota","Bacteroidia","Sphingobacteriales","Sphingobacteriaceae","Mucilaginibacter",1355,12,319368,0.424275444001904
"111","Bacteria","Bacteroidota","Bacteroidia","Sphingobacteriales","Sphingobacteriaceae","Olivibacter",39,3,319368,0.0122116179454422
"112","Bacteria","Bacteroidota","Bacteroidia","Sphingobacteriales","Sphingobacteriaceae","Pedobacter",1329,17,319368,0.416134365371609
"113","Bacteria","Bacteroidota","Bacteroidia","Sphingobacteriales","Sphingobacteriaceae","Solitalea",31,4,319368,0.0097066706745823
"114","Bacteria","Bdellovibrionota","Bdellovibrionia","Bacteriovoracales","Bacteriovoracaceae","Peredibacter",139,10,319368,0.0435234588311916
"115","Bacteria","Bdellovibrionota","Bdellovibrionia","Bdellovibrionales","Bdellovibrionaceae","Bdellovibrio",49,7,319368,0.0153428020340172
"116","Bacteria","Bdellovibrionota","Bdellovibrionia","Bdellovibrionales","Bdellovibrionaceae","OM27 clade",36,4,319368,0.0112722627188698
"117","Bacteria","Bdellovibrionota","Oligoflexia","Oligoflexales","Oligoflexaceae","Oligoflexus",201,16,319368,0.0629368001803562
"118","Bacteria","Chloroflexi","Anaerolineae","Caldilineales","Caldilineaceae","Litorilinea",53,8,319368,0.0165952756694472
"119","Bacteria","Chloroflexi","Anaerolineae","SBR1031","A4b","OLB13",19,4,319368,0.00594924976829238
"120","Bacteria","Chloroflexi","Chloroflexia","Chloroflexales","Chloroflexaceae","FFCH7168",61,5,319368,0.0191002229403071
"121","Bacteria","Chloroflexi","Chloroflexia","Thermomicrobiales","Thermomicrobiaceae","Nitrolancea",29,5,319368,0.00908043385686731
"122","Bacteria","Chloroflexi","Chloroflexia","Thermomicrobiales","Thermomicrobiaceae","Sphaerobacter",11,2,319368,0.00344430249743243
"123","Bacteria","Deinococcota","Deinococci","Deinococcales","Deinococcaceae","Deinococcus",11,3,319368,0.00344430249743243
"124","Bacteria","Deinococcota","Deinococci","Deinococcales","Trueperaceae","Truepera",41,6,319368,0.0128378547631572
"125","Bacteria","Fibrobacterota","Fibrobacteria","Fibrobacterales","Fibrobacteraceae","possible genus 04",159,14,319368,0.0497858270083415
"126","Bacteria","Firmicutes","Bacilli","Alicyclobacillales","Alicyclobacillaceae","Tumebacillus",4517,23,319368,1.4143558528093
"127","Bacteria","Firmicutes","Bacilli","Bacillales","Bacillaceae","Bacillus",17741,24,319368,5.55503369154079
"128","Bacteria","Firmicutes","Bacilli","Bacillales","Bacillaceae","Fictibacillus",145,6,319368,0.0454021692843366
"129","Bacteria","Firmicutes","Bacilli","Bacillales","Bacillaceae","Terribacillus",273,18,319368,0.0854813256180957
"130","Bacteria","Firmicutes","Bacilli","Bacillales","Bacillaceae","Virgibacillus",9,1,319368,0.00281806567971744
"131","Bacteria","Firmicutes","Bacilli","Bacillales","Planococcaceae","Domibacillus",683,21,319368,0.213859873249668
"132","Bacteria","Firmicutes","Bacilli","Bacillales","Planococcaceae","Filibacter",9,1,319368,0.00281806567971744
"133","Bacteria","Firmicutes","Bacilli","Bacillales","Planococcaceae","Paenisporosarcina",5813,24,319368,1.82015731068861
"134","Bacteria","Firmicutes","Bacilli","Bacillales","Planococcaceae","Planomicrobium",38,1,319368,0.0118984995365848
"135","Bacteria","Firmicutes","Bacilli","Bacillales","Planococcaceae","Psychrobacillus",205,8,319368,0.0641892738157862
"136","Bacteria","Firmicutes","Bacilli","Bacillales","Planococcaceae","Rummeliibacillus",13,1,319368,0.00407053931514742
"137","Bacteria","Firmicutes","Bacilli","Bacillales","Planococcaceae","Solibacillus",6920,24,319368,2.16677938929386
"138","Bacteria","Firmicutes","Bacilli","Brevibacillales","Brevibacillaceae","Brevibacillus",47,4,319368,0.0147165652163022
"139","Bacteria","Firmicutes","Bacilli","Haloplasmatales","Haloplasmataceae","Haloplasma",6,1,319368,0.00187871045314496
"140","Bacteria","Firmicutes","Bacilli","Paenibacillales","Paenibacillaceae","Ammoniphilus",79,7,319368,0.024736354299742
"141","Bacteria","Firmicutes","Bacilli","Paenibacillales","Paenibacillaceae","Cohnella",25,3,319368,0.00782796022143734
"142","Bacteria","Firmicutes","Bacilli","Paenibacillales","Paenibacillaceae","Paenibacillus",4778,24,319368,1.4960797575211
"143","Bacteria","Firmicutes","Bacilli","Thermoactinomycetales","Thermoactinomycetaceae","Laceyella",19,1,319368,0.00594924976829238
"144","Bacteria","Firmicutes","Bacilli","Thermoactinomycetales","Thermoactinomycetaceae","Lihuaxuella",72,4,319368,0.0225445254377395
"145","Bacteria","Firmicutes","Bacilli","Thermoactinomycetales","Thermoactinomycetaceae","Polycladomyces",9,1,319368,0.00281806567971744
"146","Bacteria","Firmicutes","Bacilli","Thermoactinomycetales","Thermoactinomycetaceae","Shimazuella",229,14,319368,0.071704115628366
"147","Bacteria","Firmicutes","Bacilli","Thermoactinomycetales","Thermoactinomycetaceae","Thermoactinomyces",344,11,319368,0.107712732646978
"148","Bacteria","Firmicutes","Bacilli","Thermoactinomycetales","Thermoactinomycetaceae","Thermoflavimicrobium",656,12,319368,0.205405676210516
"149","Bacteria","Firmicutes","Clostridia","Clostridiales","Caloramatoraceae","Fonticella",33,3,319368,0.0103329074922973
"150","Bacteria","Firmicutes","Clostridia","Clostridiales","Clostridiaceae","Clostridium sensu stricto 1",84,8,319368,0.0263019463440295
"151","Bacteria","Firmicutes","Clostridia","Clostridiales","Clostridiaceae","Clostridium sensu stricto 10",87,7,319368,0.0272413015706019
"152","Bacteria","Firmicutes","Clostridia","Clostridiales","Clostridiaceae","Clostridium sensu stricto 13",694,12,319368,0.217304175747101
"153","Bacteria","Firmicutes","Clostridia","Clostridiales","Clostridiaceae","Clostridium sensu stricto 6",21,4,319368,0.00657548658600736
"154","Bacteria","Firmicutes","Clostridia","Clostridiales","Clostridiaceae","Clostridium sensu stricto 8",346,13,319368,0.108338969464693
"155","Bacteria","Firmicutes","Clostridia","Clostridiales","Oxobacteraceae","Oxobacter",35,3,319368,0.0109591443100123
"156","Bacteria","Firmicutes","Clostridia","Lachnospirales","Lachnospiraceae","Anaerocolumna",13,1,319368,0.00407053931514742
"157","Bacteria","Firmicutes","Clostridia","Lachnospirales","Lachnospiraceae","Anaerosporobacter",15,1,319368,0.0046967761328624
"158","Bacteria","Firmicutes","Clostridia","Oscillospirales","Hungateiclostridiaceae","Ruminiclostridium",18,2,319368,0.00563613135943488
"159","Bacteria","Firmicutes","Clostridia","Peptostreptococcales-Tissierellales","Peptostreptococcaceae","Sporacetigenium",61,8,319368,0.0191002229403071
"160","Bacteria","Firmicutes","Desulfitobacteriia","Desulfitobacteriales","Desulfitobacteriaceae","Desulfitobacterium",19,2,319368,0.00594924976829238
"161","Bacteria","Firmicutes","Desulfitobacteriia","Desulfitobacteriales","Desulfitobacteriaceae","Desulfosporosinus",59,4,319368,0.0184739861225921
"162","Bacteria","Gemmatimonadota","Gemmatimonadetes","Gemmatimonadales","Gemmatimonadaceae","Gemmatimonas",2348,24,319368,0.735202023997395
"163","Bacteria","Gemmatimonadota","Longimicrobia","Longimicrobiales","Longimicrobiaceae","YC-ZSS-LKJ147",472,13,319368,0.147791888980737
"164","Bacteria","Myxococcota","Myxococcia","Myxococcales","Anaeromyxobacteraceae","Anaeromyxobacter",9,1,319368,0.00281806567971744
"165","Bacteria","Myxococcota","Myxococcia","Myxococcales","Myxococcaceae","Archangium",1279,20,319368,0.400478444928734
"166","Bacteria","Myxococcota","Myxococcia","Myxococcales","Myxococcaceae","Corallococcus",77,1,319368,0.024110117482027
"167","Bacteria","Myxococcota","Myxococcia","Myxococcales","Myxococcaceae","KD3-10",56,5,319368,0.0175346308960196
"168","Bacteria","Myxococcota","Myxococcia","Myxococcales","Myxococcaceae","Myxococcus",83,4,319368,0.025988827935172
"169","Bacteria","Myxococcota","Myxococcia","Myxococcales","Myxococcaceae","P3OB-42",167,17,319368,0.0522907742792014
"170","Bacteria","Myxococcota","Polyangia","Haliangiales","Haliangiaceae","Haliangium",2587,24,319368,0.810037323714336
"171","Bacteria","Myxococcota","Polyangia","Nannocystales","Nannocystaceae","Nannocystis",271,20,319368,0.0848550888003808
"172","Bacteria","Myxococcota","Polyangia","Polyangiales","Phaselicystidaceae","Phaselicystis",157,15,319368,0.0491595901906265
"173","Bacteria","Myxococcota","Polyangia","Polyangiales","Polyangiaceae","Aetherobacter",880,22,319368,0.275544199794594
"174","Bacteria","Myxococcota","Polyangia","Polyangiales","Polyangiaceae","Labilithrix",21,2,319368,0.00657548658600736
"175","Bacteria","Myxococcota","Polyangia","Polyangiales","Polyangiaceae","Pajaroellobacter",214,9,319368,0.0670073394955036
"176","Bacteria","Myxococcota","Polyangia","Polyangiales","Polyangiaceae","Polyangium",40,4,319368,0.0125247363542997
"177","Bacteria","Myxococcota","Polyangia","Polyangiales","Polyangiaceae","Sorangium",8,1,319368,0.00250494727085995
"178","Bacteria","Myxococcota","Polyangia","Polyangiales","Sandaracinaceae","Sandaracinus",43,6,319368,0.0134640915808722
"179","Bacteria","Nitrospirota","Leptospirillia","Leptospirillales","Leptospirillaceae","Leptospirillum",12,2,319368,0.00375742090628992
"180","Bacteria","Nitrospirota","Nitrospiria","Nitrospirales","Nitrospiraceae","Nitrospira",4019,24,319368,1.25842288519827
"181","Bacteria","Planctomycetota","Planctomycetes","Gemmatales","Gemmataceae","Fimbriiglobus",91,12,319368,0.0284937752060319
"182","Bacteria","Planctomycetota","Planctomycetes","Gemmatales","Gemmataceae","Gemmata",1072,24,319368,0.335662934295233
"183","Bacteria","Planctomycetota","Planctomycetes","Gemmatales","Gemmataceae","Zavarzinella",38,5,319368,0.0118984995365848
"184","Bacteria","Planctomycetota","Planctomycetes","Isosphaerales","Isosphaeraceae","Aquisphaera",165,11,319368,0.0516645374614864
"185","Bacteria","Planctomycetota","Planctomycetes","Isosphaerales","Isosphaeraceae","Singulisphaera",125,10,319368,0.0391398011071867
"186","Bacteria","Planctomycetota","Planctomycetes","Isosphaerales","Isosphaeraceae","Tundrisphaera",10,1,319368,0.00313118408857494
"187","Bacteria","Planctomycetota","Planctomycetes","Pirellulales","Pirellulaceae","Bythopirellula",11,2,319368,0.00344430249743243
"188","Bacteria","Planctomycetota","Planctomycetes","Pirellulales","Pirellulaceae","Pir4 lineage",509,18,319368,0.159377270108464
"189","Bacteria","Planctomycetota","Planctomycetes","Pirellulales","Pirellulaceae","Pirellula",1664,24,319368,0.521029032338869
"190","Bacteria","Planctomycetota","Planctomycetes","Pirellulales","Pirellulaceae","Rhodopirellula",17,4,319368,0.00532301295057739
"191","Bacteria","Planctomycetota","Planctomycetes","Planctomycetales","Rubinisphaeraceae","SH-PL14",263,21,319368,0.0823501415295208
"192","Bacteria","Proteobacteria","Alphaproteobacteria","Acetobacterales","Acetobacteraceae","Acidicaldus",20,1,319368,0.00626236817714987
"193","Bacteria","Proteobacteria","Alphaproteobacteria","Acetobacterales","Acetobacteraceae","Acidiphilium",95,9,319368,0.0297462488414619
"194","Bacteria","Proteobacteria","Alphaproteobacteria","Acetobacterales","Acetobacteraceae","Belnapia",1276,22,319368,0.399539089702162
"195","Bacteria","Proteobacteria","Alphaproteobacteria","Acetobacterales","Acetobacteraceae","Roseomonas",318,15,319368,0.0995716540166829
"196","Bacteria","Proteobacteria","Alphaproteobacteria","Acetobacterales","Acetobacteraceae","Rubritepida",34,4,319368,0.0106460259011548
"197","Bacteria","Proteobacteria","Alphaproteobacteria","Azospirillales","Azospirillaceae","Skermanella",12234,24,319368,3.83069061396258
"198","Bacteria","Proteobacteria","Alphaproteobacteria","Azospirillales","Inquilinaceae","Inquilinus",139,10,319368,0.0435234588311916
"199","Bacteria","Proteobacteria","Alphaproteobacteria","Caulobacterales","Caulobacteraceae","Asticcacaulis",13,2,319368,0.00407053931514742
"200","Bacteria","Proteobacteria","Alphaproteobacteria","Caulobacterales","Caulobacteraceae","Caulobacter",75,5,319368,0.023483880664312
"201","Bacteria","Proteobacteria","Alphaproteobacteria","Caulobacterales","Caulobacteraceae","Phenylobacterium",221,9,319368,0.0691991683575061
"202","Bacteria","Proteobacteria","Alphaproteobacteria","Caulobacterales","Hyphomonadaceae","Hirschia",20,2,319368,0.00626236817714987
"203","Bacteria","Proteobacteria","Alphaproteobacteria","Caulobacterales","Hyphomonadaceae","SWB02",152,11,319368,0.047593998146339
"204","Bacteria","Proteobacteria","Alphaproteobacteria","Dongiales","Dongiaceae","Dongia",150,13,319368,0.046967761328624
"205","Bacteria","Proteobacteria","Alphaproteobacteria","Reyranellales","Reyranellaceae","Reyranella",391,18,319368,0.12242929786328
"206","Bacteria","Proteobacteria","Alphaproteobacteria","Rhizobiales","Beijerinckiaceae","Methylobacterium-Methylorubrum",283,11,319368,0.0886125097066707
"207","Bacteria","Proteobacteria","Alphaproteobacteria","Rhizobiales","Beijerinckiaceae","Methylorosula",201,7,319368,0.0629368001803562
"208","Bacteria","Proteobacteria","Alphaproteobacteria","Rhizobiales","Beijerinckiaceae","Microvirga",9156,24,319368,2.86691215149921
"209","Bacteria","Proteobacteria","Alphaproteobacteria","Rhizobiales","Beijerinckiaceae","Neo-b11",86,6,319368,0.0269281831617444
"210","Bacteria","Proteobacteria","Alphaproteobacteria","Rhizobiales","Beijerinckiaceae","Psychroglaciecola",225,9,319368,0.070451641992936
"211","Bacteria","Proteobacteria","Alphaproteobacteria","Rhizobiales","Beijerinckiaceae","alphaI cluster",66,4,319368,0.0206658149845946
"212","Bacteria","Proteobacteria","Alphaproteobacteria","Rhizobiales","Devosiaceae","Devosia",1194,24,319368,0.373863380175847
"213","Bacteria","Proteobacteria","Alphaproteobacteria","Rhizobiales","Hyphomicrobiaceae","Hyphomicrobium",245,9,319368,0.0767140101700859
"214","Bacteria","Proteobacteria","Alphaproteobacteria","Rhizobiales","Hyphomicrobiaceae","Pedomicrobium",890,12,319368,0.278675383883169
"215","Bacteria","Proteobacteria","Alphaproteobacteria","Rhizobiales","Kaistiaceae","Kaistia",27,2,319368,0.00845419703915233
"216","Bacteria","Proteobacteria","Alphaproteobacteria","Rhizobiales","Labraceae","Labrys",277,21,319368,0.0867337992535257
"217","Bacteria","Proteobacteria","Alphaproteobacteria","Rhizobiales","Rhizobiaceae","Allorhizobium-Neorhizobium-Pararhizobium-Rhizobium",838,22,319368,0.26239322662258
"218","Bacteria","Proteobacteria","Alphaproteobacteria","Rhizobiales","Rhizobiaceae","Aminobacter",472,14,319368,0.147791888980737
"219","Bacteria","Proteobacteria","Alphaproteobacteria","Rhizobiales","Rhizobiaceae","Aureimonas",10,1,319368,0.00313118408857494
"220","Bacteria","Proteobacteria","Alphaproteobacteria","Rhizobiales","Rhizobiaceae","Ensifer",54,5,319368,0.0169083940783047
"221","Bacteria","Proteobacteria","Alphaproteobacteria","Rhizobiales","Rhizobiaceae","Martelella",11,1,319368,0.00344430249743243
"222","Bacteria","Proteobacteria","Alphaproteobacteria","Rhizobiales","Rhizobiaceae","Mesorhizobium",1097,20,319368,0.34349089451667
"223","Bacteria","Proteobacteria","Alphaproteobacteria","Rhizobiales","Rhizobiaceae","Neorhizobium",64,3,319368,0.0200395781668796
"224","Bacteria","Proteobacteria","Alphaproteobacteria","Rhizobiales","Rhizobiaceae","Phyllobacterium",990,19,319368,0.309987224768919
"225","Bacteria","Proteobacteria","Alphaproteobacteria","Rhizobiales","Rhizobiaceae","Pseudaminobacter",19,2,319368,0.00594924976829238
"226","Bacteria","Proteobacteria","Alphaproteobacteria","Rhizobiales","Rhizobiales Incertae Sedis","Alsobacter",262,12,319368,0.0820370231206633
"227","Bacteria","Proteobacteria","Alphaproteobacteria","Rhizobiales","Rhizobiales Incertae Sedis","Bauldia",114,7,319368,0.0356954986097543
"228","Bacteria","Proteobacteria","Alphaproteobacteria","Rhizobiales","Rhizobiales Incertae Sedis","Nordella",2540,23,319368,0.795320758498034
"229","Bacteria","Proteobacteria","Alphaproteobacteria","Rhizobiales","Rhodomicrobiaceae","Rhodomicrobium",120,8,319368,0.0375742090628992
"230","Bacteria","Proteobacteria","Alphaproteobacteria","Rhizobiales","Xanthobacteraceae","Afipia",129,2,319368,0.0403922747426167
"231","Bacteria","Proteobacteria","Alphaproteobacteria","Rhizobiales","Xanthobacteraceae","Bradyrhizobium",586,12,319368,0.183487387590491
"232","Bacteria","Proteobacteria","Alphaproteobacteria","Rhizobiales","Xanthobacteraceae","Pseudolabrys",801,21,319368,0.250807845494852
"233","Bacteria","Proteobacteria","Alphaproteobacteria","Rhizobiales","Xanthobacteraceae","Pseudorhodoplanes",60,4,319368,0.0187871045314496
"234","Bacteria","Proteobacteria","Alphaproteobacteria","Rhizobiales","Xanthobacteraceae","Rhodoplanes",1186,24,319368,0.371358432904987
"235","Bacteria","Proteobacteria","Alphaproteobacteria","Rhizobiales","Xanthobacteraceae","Rhodopseudomonas",7,1,319368,0.00219182886200245
"236","Bacteria","Proteobacteria","Alphaproteobacteria","Rhizobiales","Xanthobacteraceae","Tardiphaga",402,13,319368,0.125873600360712
"237","Bacteria","Proteobacteria","Alphaproteobacteria","Rhodobacterales","Rhodobacteraceae","Cereibacter",7,1,319368,0.00219182886200245
"238","Bacteria","Proteobacteria","Alphaproteobacteria","Rhodobacterales","Rhodobacteraceae","Paracoccus",8,1,319368,0.00250494727085995
"239","Bacteria","Proteobacteria","Alphaproteobacteria","Rhodobacterales","Rhodobacteraceae","Rubellimicrobium",465,15,319368,0.145600060118734
"240","Bacteria","Proteobacteria","Alphaproteobacteria","Sphingomonadales","Sphingomonadaceae","Altererythrobacter",113,6,319368,0.0353823802008968
"241","Bacteria","Proteobacteria","Alphaproteobacteria","Sphingomonadales","Sphingomonadaceae","Ellin6055",1376,22,319368,0.430850930587911
"242","Bacteria","Proteobacteria","Alphaproteobacteria","Sphingomonadales","Sphingomonadaceae","Novosphingobium",20,2,319368,0.00626236817714987
"243","Bacteria","Proteobacteria","Alphaproteobacteria","Sphingomonadales","Sphingomonadaceae","Polymorphobacter",19,1,319368,0.00594924976829238
"244","Bacteria","Proteobacteria","Alphaproteobacteria","Sphingomonadales","Sphingomonadaceae","Porphyrobacter",76,5,319368,0.0237969990731695
"245","Bacteria","Proteobacteria","Alphaproteobacteria","Sphingomonadales","Sphingomonadaceae","Qipengyuania",231,8,319368,0.072330352446081
"246","Bacteria","Proteobacteria","Alphaproteobacteria","Sphingomonadales","Sphingomonadaceae","Sphingoaurantiacus",12,1,319368,0.00375742090628992
"247","Bacteria","Proteobacteria","Alphaproteobacteria","Sphingomonadales","Sphingomonadaceae","Sphingobium",10,1,319368,0.00313118408857494
"248","Bacteria","Proteobacteria","Alphaproteobacteria","Sphingomonadales","Sphingomonadaceae","Sphingomonas",17232,24,319368,5.39565642143233
"249","Bacteria","Proteobacteria","Alphaproteobacteria","Tistrellales","Geminicoccaceae","Candidatus Alysiosphaera",247,16,319368,0.0773402469878009
"250","Bacteria","Proteobacteria","Alphaproteobacteria","Tistrellales","Geminicoccaceae","Geminicoccus",154,10,319368,0.048220234964054
"251","Bacteria","Proteobacteria","Gammaproteobacteria","Acidiferrobacterales","Acidiferrobacteraceae","Sulfurifustis",39,4,319368,0.0122116179454422
"252","Bacteria","Proteobacteria","Gammaproteobacteria","Burkholderiales","Burkholderiaceae","Burkholderia-Caballeronia-Paraburkholderia",269,8,319368,0.0842288519826658
"253","Bacteria","Proteobacteria","Gammaproteobacteria","Burkholderiales","Burkholderiaceae","Lautropia",130,10,319368,0.0407053931514742
"254","Bacteria","Proteobacteria","Gammaproteobacteria","Burkholderiales","Comamonadaceae","Azohydromonas",734,11,319368,0.2298289121014
"255","Bacteria","Proteobacteria","Gammaproteobacteria","Burkholderiales","Comamonadaceae","Caenimonas",284,9,319368,0.0889256281155282
"256","Bacteria","Proteobacteria","Gammaproteobacteria","Burkholderiales","Comamonadaceae","Piscinibacter",1822,22,319368,0.570501740938353
"257","Bacteria","Proteobacteria","Gammaproteobacteria","Burkholderiales","Comamonadaceae","Ramlibacter",2614,24,319368,0.818491520753488
"258","Bacteria","Proteobacteria","Gammaproteobacteria","Burkholderiales","Comamonadaceae","Rhizobacter",322,12,319368,0.100824127652113
"259","Bacteria","Proteobacteria","Gammaproteobacteria","Burkholderiales","Comamonadaceae","Variovorax",34,1,319368,0.0106460259011548
"260","Bacteria","Proteobacteria","Gammaproteobacteria","Burkholderiales","Comamonadaceae","Xylophilus",28,1,319368,0.00876731544800982
"261","Bacteria","Proteobacteria","Gammaproteobacteria","Burkholderiales","Methylophilaceae","Methylotenera",304,17,319368,0.095187996292678
"262","Bacteria","Proteobacteria","Gammaproteobacteria","Burkholderiales","Nitrosomonadaceae","Ellin6067",1084,20,319368,0.339420355201523
"263","Bacteria","Proteobacteria","Gammaproteobacteria","Burkholderiales","Nitrosomonadaceae","IS-44",813,12,319368,0.254565266401142
"264","Bacteria","Proteobacteria","Gammaproteobacteria","Burkholderiales","Nitrosomonadaceae","MND1",2482,23,319368,0.777159890784299
"265","Bacteria","Proteobacteria","Gammaproteobacteria","Burkholderiales","Nitrosomonadaceae","Nitrosospira",2520,24,319368,0.789058390320884
"266","Bacteria","Proteobacteria","Gammaproteobacteria","Burkholderiales","Nitrosomonadaceae","mle1-7",881,24,319368,0.275857318203452
"267","Bacteria","Proteobacteria","Gammaproteobacteria","Burkholderiales","Nitrosomonadaceae","oc32",8,1,319368,0.00250494727085995
"268","Bacteria","Proteobacteria","Gammaproteobacteria","Burkholderiales","Oxalobacteraceae","Janthinobacterium",106,5,319368,0.0331905513388943
"269","Bacteria","Proteobacteria","Gammaproteobacteria","Burkholderiales","Oxalobacteraceae","Massilia",2462,23,319368,0.770897522607149
"270","Bacteria","Proteobacteria","Gammaproteobacteria","Burkholderiales","Oxalobacteraceae","Noviherbaspirillum",2124,23,319368,0.665063500413316
"271","Bacteria","Proteobacteria","Gammaproteobacteria","Burkholderiales","Oxalobacteraceae","Oxalicibacterium",1773,14,319368,0.555158938904336
"272","Bacteria","Proteobacteria","Gammaproteobacteria","Burkholderiales","Rhodocyclaceae","Uliginosibacterium",8,1,319368,0.00250494727085995
"273","Bacteria","Proteobacteria","Gammaproteobacteria","Diplorickettsiales","Diplorickettsiaceae","Aquicella",178,15,319368,0.0557350767766339
"274","Bacteria","Proteobacteria","Gammaproteobacteria","Enterobacterales","Morganellaceae","Candidatus Regiella",10,1,319368,0.00313118408857494
"275","Bacteria","Proteobacteria","Gammaproteobacteria","Gammaproteobacteria Incertae Sedis","Unknown Family","Acidibacter",2428,24,319368,0.760251496705994
"276","Bacteria","Proteobacteria","Gammaproteobacteria","Legionellales","Legionellaceae","Legionella",151,11,319368,0.0472808797374815
"277","Bacteria","Proteobacteria","Gammaproteobacteria","Nitrosococcales","Nitrosococcaceae","SZB85",174,12,319368,0.0544826031412039
"278","Bacteria","Proteobacteria","Gammaproteobacteria","Pseudomonadales","Cellvibrionaceae","Cellvibrio",271,15,319368,0.0848550888003808
"279","Bacteria","Proteobacteria","Gammaproteobacteria","Pseudomonadales","Moraxellaceae","Cavicella",28,1,319368,0.00876731544800982
"280","Bacteria","Proteobacteria","Gammaproteobacteria","Pseudomonadales","Pseudohongiellaceae","BIyi10",375,21,319368,0.11741940332156
"281","Bacteria","Proteobacteria","Gammaproteobacteria","Pseudomonadales","Pseudomonadaceae","Pseudomonas",884,20,319368,0.276796673430024
"282","Bacteria","Proteobacteria","Gammaproteobacteria","Salinisphaerales","Solimonadaceae","Panacagrimonas",53,5,319368,0.0165952756694472
"283","Bacteria","Proteobacteria","Gammaproteobacteria","Salinisphaerales","Solimonadaceae","Polycyclovorans",233,14,319368,0.072956589263796
"284","Bacteria","Proteobacteria","Gammaproteobacteria","Steroidobacterales","Steroidobacteraceae","Steroidobacter",2473,24,319368,0.774341825104581
"285","Bacteria","Proteobacteria","Gammaproteobacteria","Xanthomonadales","Rhodanobacteraceae","Frateuria",32,1,319368,0.0100197890834398
"286","Bacteria","Proteobacteria","Gammaproteobacteria","Xanthomonadales","Rhodanobacteraceae","Luteibacter",183,9,319368,0.0573006688209213
"287","Bacteria","Proteobacteria","Gammaproteobacteria","Xanthomonadales","Rhodanobacteraceae","Rhodanobacter",45,4,319368,0.0140903283985872
"288","Bacteria","Proteobacteria","Gammaproteobacteria","Xanthomonadales","Rhodanobacteraceae","Rudaea",8,1,319368,0.00250494727085995
"289","Bacteria","Proteobacteria","Gammaproteobacteria","Xanthomonadales","Xanthomonadaceae","Arenimonas",410,21,319368,0.128378547631572
"290","Bacteria","Proteobacteria","Gammaproteobacteria","Xanthomonadales","Xanthomonadaceae","Luteimonas",350,14,319368,0.109591443100123
"291","Bacteria","Proteobacteria","Gammaproteobacteria","Xanthomonadales","Xanthomonadaceae","Lysobacter",113,8,319368,0.0353823802008968
"292","Bacteria","Proteobacteria","Gammaproteobacteria","Xanthomonadales","Xanthomonadaceae","Pseudoxanthomonas",33,4,319368,0.0103329074922973
"293","Bacteria","Proteobacteria","Gammaproteobacteria","Xanthomonadales","Xanthomonadaceae","Thermomonas",471,16,319368,0.147478770571879
"294","Bacteria","Sumerlaeota","Sumerlaeia","Sumerlaeales","Sumerlaeaceae","Sumerlaea",500,20,319368,0.156559204428747
"295","Bacteria","Verrucomicrobiota","Chlamydiae","Chlamydiales","Parachlamydiaceae","Neochlamydia",27,4,319368,0.00845419703915233
"296","Bacteria","Verrucomicrobiota","Chlamydiae","Chlamydiales","Simkaniaceae","Ga0074140",6,1,319368,0.00187871045314496
"297","Bacteria","Verrucomicrobiota","Verrucomicrobiae","Chthoniobacterales","Chthoniobacteraceae","Candidatus Udaeobacter",12252,24,319368,3.83632674532201
"298","Bacteria","Verrucomicrobiota","Verrucomicrobiae","Chthoniobacterales","Chthoniobacteraceae","Chthoniobacter",7833,24,319368,2.45265649658075
"299","Bacteria","Verrucomicrobiota","Verrucomicrobiae","Opitutales","Opitutaceae","Lacunisphaera",100,9,319368,0.0313118408857494
"300","Bacteria","Verrucomicrobiota","Verrucomicrobiae","Opitutales","Opitutaceae","Opitutus",1553,22,319368,0.486272888955687
"301","Bacteria","Verrucomicrobiota","Verrucomicrobiae","Pedosphaerales","Pedosphaeraceae","ADurb.Bin063-1",188,9,319368,0.0588662608652088
"302","Bacteria","Verrucomicrobiota","Verrucomicrobiae","Pedosphaerales","Pedosphaeraceae","ADurb.Bin118",17,1,319368,0.00532301295057739
"303","Bacteria","Verrucomicrobiota","Verrucomicrobiae","Pedosphaerales","Pedosphaeraceae","DEV114",15,3,319368,0.0046967761328624
"304","Bacteria","Verrucomicrobiota","Verrucomicrobiae","Pedosphaerales","Pedosphaeraceae","Ellin516",30,4,319368,0.00939355226572481
"305","Bacteria","Verrucomicrobiota","Verrucomicrobiae","Pedosphaerales","Pedosphaeraceae","Ellin517",2364,24,319368,0.740211918539115
"306","Bacteria","Verrucomicrobiota","Verrucomicrobiae","Pedosphaerales","Pedosphaeraceae","Pedosphaera",21,3,319368,0.00657548658600736
"307","Bacteria","Verrucomicrobiota","Verrucomicrobiae","Verrucomicrobiales","Rubritaleaceae","Luteolibacter",35,3,319368,0.0109591443100123
"308","Bacteria","Verrucomicrobiota","Verrucomicrobiae","Verrucomicrobiales","Verrucomicrobiaceae","Prosthecobacter",9,2,319368,0.00281806567971744
"309","Bacteria","Verrucomicrobiota","Verrucomicrobiae","Verrucomicrobiales","Verrucomicrobiaceae","Roseimicrobium",335,20,319368,0.10489466696726
