"ASV","P_Value","Adjusted_P_Value","Kingdom","Phylum","Class","Order","Family","Genus","Species"
"ASV1",1.02689156151545e-05,0.000220689998979258,"Bacteria","Proteobacteria","Alphaproteobacteria","Rhizobiales","Xanthobacteraceae",NA,NA
"ASV1014",1.02689156151545e-05,0.000220689998979258,"Bacteria","Acidobacteriota","Acidobacteriae","Bryobacterales","Bryobacteraceae","Bryobacter",NA
"ASV1017",1.02689156151545e-05,0.000220689998979258,"Bacteria","Proteobacteria","Alphaproteobacteria","Sphingomonadales","Sphingomonadaceae","Sphingomonas","Sphingomonas_daechungensis"
"ASV1022",1.02689156151545e-05,0.000220689998979258,"Bacteria","Actinobacteriota","Actinobacteria","Micrococcales","Intrasporangiaceae",NA,NA
"ASV1023",0.00285558548609658,0.0174895528372378,"Bacteria","Gemmatimonadota","Gemmatimonadetes","Gemmatimonadales","Gemmatimonadaceae",NA,NA
"ASV1026",0.000603125477069808,0.00516627410429547,"Bacteria","Proteobacteria","Alphaproteobacteria","Azospirillales","Azospirillaceae","Skermanella",NA
"ASV1028",0.00227280467095234,0.0163791642005458,"Bacteria","Acidobacteriota","Blastocatellia","Blastocatellales","Blastocatellaceae",NA,NA
"ASV1035",2.60429556087905e-05,0.000497503128177451,"Bacteria","Actinobacteriota","Actinobacteria","Micrococcales","Promicromonosporaceae","Promicromonospora",NA
"ASV1040",3.75846071382431e-05,0.000519920398745696,"Bacteria","Acidobacteriota","Blastocatellia","Pyrinomonadales","Pyrinomonadaceae","RB41",NA
"ASV1041",1.02689156151545e-05,0.000220689998979258,"Bacteria","Acidobacteriota","Vicinamibacteria","Vicinamibacterales","Vicinamibacteraceae",NA,NA
"ASV1044",0.00285558548609658,0.0174895528372378,"Bacteria","Proteobacteria","Gammaproteobacteria","Gammaproteobacteria Incertae Sedis","Unknown Family","Acidibacter",NA
"ASV1061",1.02689156151545e-05,0.000220689998979258,"Bacteria","Acidobacteriota","Vicinamibacteria","Vicinamibacterales","Vicinamibacteraceae",NA,NA
"ASV1064",1.02689156151545e-05,0.000220689998979258,"Bacteria","Actinobacteriota","Actinobacteria","Streptomycetales","Streptomycetaceae","Streptomyces",NA
"ASV108",7.39602301050679e-07,0.000148351894885749,"Bacteria","Firmicutes","Bacilli","Bacillales","Planococcaceae",NA,NA
"ASV1082",0.000383391726577478,0.0033195103808345,"Bacteria","Acidobacteriota","Acidobacteriae","Bryobacterales","Bryobacteraceae","Bryobacter",NA
"ASV1090",0.000125308727883931,0.0013772516347791,"Bacteria","Actinobacteriota","Thermoleophilia","Solirubrobacterales","67-14",NA,NA
"ASV1096",3.75846071382431e-05,0.000519920398745696,"Bacteria","Proteobacteria","Gammaproteobacteria","Burkholderiales","Comamonadaceae","Azohydromonas",NA
"ASV11",7.39602301050679e-07,0.000148351894885749,"Bacteria","Actinobacteriota","Actinobacteria","Micrococcales","Micrococcaceae","Pseudarthrobacter",NA
"ASV1105",3.75846071382431e-05,0.000519920398745696,"Bacteria","Actinobacteriota","Actinobacteria","Frankiales","Sporichthyaceae",NA,NA
"ASV1109",0.000232007120079584,0.0024709784868653,"Bacteria","Myxococcota","Polyangia","Polyangiales","Sandaracinaceae",NA,NA
"ASV1112",1.8306736618623e-05,0.000361182910172341,"Bacteria","Acidobacteriota","Blastocatellia","Blastocatellales","Blastocatellaceae",NA,NA
"ASV1116",0.000881622467867409,0.00734278643652891,"Bacteria","Myxococcota","Polyangia","Haliangiales","Haliangiaceae","Haliangium",NA
"ASV1119",3.75846071382431e-05,0.000519920398745696,"Bacteria","Acidobacteriota","Vicinamibacteria","Vicinamibacterales","Vicinamibacteraceae",NA,NA
"ASV112",7.39602301050679e-07,0.000148351894885749,"Bacteria","Firmicutes","Bacilli","Bacillales","Planococcaceae","Paenisporosarcina",NA
"ASV1121",1.02689156151545e-05,0.000220689998979258,"Bacteria","Bacteroidota","Bacteroidia","Chitinophagales","Chitinophagaceae","Sediminibacterium",NA
"ASV1127",1.02689156151545e-05,0.000220689998979258,"Bacteria","Bacteroidota","Bacteroidia","Chitinophagales","Chitinophagaceae","Segetibacter",NA
"ASV113",7.39602301050679e-07,0.000148351894885749,"Bacteria","Firmicutes","Bacilli","Bacillales","Planococcaceae","Solibacillus",NA
"ASV1131",1.02689156151545e-05,0.000220689998979258,"Bacteria","Gemmatimonadota","Gemmatimonadetes","Gemmatimonadales","Gemmatimonadaceae",NA,NA
"ASV1133",1.02689156151545e-05,0.000220689998979258,"Bacteria","Firmicutes","Clostridia","Clostridiales","Clostridiaceae","Clostridium sensu stricto 13",NA
"ASV1141",1.02689156151545e-05,0.000220689998979258,"Bacteria","Bacteroidota","Bacteroidia","Cytophagales","Microscillaceae","Hassallia",NA
"ASV1154",1.02689156151545e-05,0.000220689998979258,"Bacteria","Proteobacteria","Alphaproteobacteria","Sphingomonadales","Sphingomonadaceae","Sphingomonas",NA
"ASV1158",1.8306736618623e-05,0.000361182910172341,"Bacteria","Proteobacteria","Alphaproteobacteria","Sphingomonadales","Sphingomonadaceae","Sphingomonas",NA
"ASV1159",0.000802200902648342,0.00670450546067555,"Bacteria","Actinobacteriota","Actinobacteria","Micrococcales","Cellulomonadaceae","Cellulomonas",NA
"ASV1161",1.02689156151545e-05,0.000220689998979258,"Bacteria","Proteobacteria","Gammaproteobacteria","Burkholderiales","Nitrosomonadaceae","MND1",NA
"ASV1166",0.000125308727883931,0.0013772516347791,"Bacteria","Gemmatimonadota","Gemmatimonadetes","Gemmatimonadales","Gemmatimonadaceae",NA,NA
"ASV1169",3.75846071382431e-05,0.000519920398745696,"Bacteria","Bacteroidota","Bacteroidia","Cytophagales","Microscillaceae",NA,NA
"ASV1172",0.000125308727883931,0.0013772516347791,"Bacteria","Bacteroidota","Bacteroidia","Chitinophagales","Chitinophagaceae",NA,NA
"ASV1175",0.000383391726577478,0.0033195103808345,"Bacteria","Bacteroidota","Bacteroidia","Chitinophagales","Chitinophagaceae","Ferruginibacter",NA
"ASV1179",0.00402514015731938,0.0244043132460145,"Bacteria","Actinobacteriota","Thermoleophilia","Solirubrobacterales","67-14",NA,NA
"ASV118",7.39602301050679e-07,0.000148351894885749,"Bacteria","Actinobacteriota","Actinobacteria","Frankiales","Geodermatophilaceae","Blastococcus",NA
"ASV1210",0.000147956476125892,0.00161145356576933,"Bacteria","Acidobacteriota","Vicinamibacteria","Vicinamibacterales","Vicinamibacteraceae",NA,NA
"ASV1213",0.00108433256167357,0.00795728193886668,"Bacteria","Firmicutes","Bacilli","Thermoactinomycetales","Thermoactinomycetaceae","Thermoactinomyces",NA
"ASV1216",1.02689156151545e-05,0.000220689998979258,"Bacteria","Acidobacteriota","Blastocatellia","Blastocatellales","Blastocatellaceae",NA,NA
"ASV1228",1.02689156151545e-05,0.000220689998979258,"Bacteria","Acidobacteriota","Blastocatellia","Blastocatellales","Blastocatellaceae","Stenotrophobacter",NA
"ASV1231",3.75846071382431e-05,0.000519920398745696,"Bacteria","Proteobacteria","Alphaproteobacteria","Rhizobiales","Xanthobacteraceae","Tardiphaga","Tardiphaga_robiniae"
"ASV1246",3.75846071382431e-05,0.000519920398745696,"Bacteria","Actinobacteriota","Actinobacteria","Propionibacteriales","Nocardioidaceae","Nocardioides","Nocardioides_islandensis"
"ASV1250",3.75846071382431e-05,0.000519920398745696,"Bacteria","Actinobacteriota","Actinobacteria","Frankiales","Sporichthyaceae",NA,NA
"ASV1254",1.02689156151545e-05,0.000220689998979258,"Bacteria","Gemmatimonadota","Gemmatimonadetes","Gemmatimonadales","Gemmatimonadaceae","Gemmatimonas",NA
"ASV1258",1.02689156151545e-05,0.000220689998979258,"Bacteria","Acidobacteriota","Acidobacteriae","Acidobacteriales","Koribacteraceae","Candidatus Koribacter",NA
"ASV1260",3.75846071382431e-05,0.000519920398745696,"Bacteria","Bacteroidota","Bacteroidia","Cytophagales","Cytophagaceae",NA,NA
"ASV1261",0.000383391726577478,0.0033195103808345,"Bacteria","Actinobacteriota","Actinobacteria","Propionibacteriales","Nocardioidaceae","Nocardioides",NA
"ASV1265",0.00285558548609658,0.0174895528372378,"Bacteria","Bacteroidota","Bacteroidia","Sphingobacteriales","Sphingobacteriaceae","Pedobacter",NA
"ASV1267",1.02689156151545e-05,0.000220689998979258,"Bacteria","Acidobacteriota","Acidobacteriae","Bryobacterales","Bryobacteraceae","Bryobacter",NA
"ASV1270",3.75846071382431e-05,0.000519920398745696,"Bacteria","Proteobacteria","Alphaproteobacteria","Rhizobiales","Beijerinckiaceae","Microvirga",NA
"ASV1273",1.02689156151545e-05,0.000220689998979258,"Bacteria","Bacteroidota","Bacteroidia","Chitinophagales","Chitinophagaceae","Parafilimonas",NA
"ASV1278",3.75846071382431e-05,0.000519920398745696,"Bacteria","Firmicutes","Bacilli","Thermoactinomycetales","Thermoactinomycetaceae","Thermoflavimicrobium",NA
"ASV1282",0.00689930603273332,0.0369917744628405,"Bacteria","Myxococcota","Polyangia","Polyangiales","BIrii41",NA,NA
"ASV1286",0.00108433256167357,0.00795728193886668,"Bacteria","Firmicutes","Bacilli","Bacillales","Planococcaceae","Psychrobacillus",NA
"ASV1297",3.75846071382431e-05,0.000519920398745696,"Bacteria","Firmicutes","Bacilli","Paenibacillales","Paenibacillaceae","Paenibacillus",NA
"ASV1301",0.000802200902648342,0.00670450546067555,"Bacteria","Myxococcota","Myxococcia","Myxococcales","Myxococcaceae",NA,NA
"ASV1308",1.02689156151545e-05,0.000220689998979258,"Bacteria","Acidobacteriota","Blastocatellia","Blastocatellales","Blastocatellaceae","JGI 0001001-H03",NA
"ASV131",1.02689156151545e-05,0.000220689998979258,"Bacteria","Proteobacteria","Gammaproteobacteria","Burkholderiales","Nitrosomonadaceae","IS-44",NA
"ASV1314",1.02689156151545e-05,0.000220689998979258,"Bacteria","Actinobacteriota","Actinobacteria","Frankiales","Geodermatophilaceae",NA,NA
"ASV1331",0.000130614117939896,0.00142903719036968,"Bacteria","Proteobacteria","Alphaproteobacteria","Rhizobiales","Rhizobiaceae","Allorhizobium-Neorhizobium-Pararhizobium-Rhizobium",NA
"ASV1333",0.000125308727883931,0.0013772516347791,"Bacteria","Actinobacteriota","Rubrobacteria","Rubrobacterales","Rubrobacteriaceae","Rubrobacter",NA
"ASV1341",0.00285558548609658,0.0174895528372378,"Bacteria","Actinobacteriota","Actinobacteria","Micromonosporales","Micromonosporaceae",NA,NA
"ASV1352",0.00108433256167357,0.00795728193886668,"Bacteria","Proteobacteria","Alphaproteobacteria","Rhizobiales","Beijerinckiaceae",NA,NA
"ASV1369",1.02689156151545e-05,0.000220689998979258,"Bacteria","Proteobacteria","Gammaproteobacteria","Burkholderiales","TRA3-20",NA,NA
"ASV1389",1.02689156151545e-05,0.000220689998979258,"Bacteria","Gemmatimonadota","Gemmatimonadetes","Gemmatimonadales","Gemmatimonadaceae","Gemmatimonas",NA
"ASV1394",0.000125308727883931,0.0013772516347791,"Bacteria","Planctomycetota","Planctomycetes","Pirellulales","Pirellulaceae","Pirellula",NA
"ASV1404",1.02689156151545e-05,0.000220689998979258,"Bacteria","Verrucomicrobiota","Verrucomicrobiae","Pedosphaerales","Pedosphaeraceae",NA,NA
"ASV1412",1.8306736618623e-05,0.000361182910172341,"Bacteria","Acidobacteriota","Acidobacteriae","Bryobacterales","Bryobacteraceae","Bryobacter",NA
"ASV1413",0.000383391726577478,0.0033195103808345,"Bacteria","Actinobacteriota","Actinobacteria","Frankiales","Sporichthyaceae",NA,NA
"ASV1422",0.000383391726577478,0.0033195103808345,"Bacteria","Bacteroidota","Bacteroidia","Chitinophagales","Chitinophagaceae","Flavitalea","Flavitalea_gansuensis"
"ASV1427",0.000125308727883931,0.0013772516347791,"Bacteria","Verrucomicrobiota","Verrucomicrobiae","Pedosphaerales","Pedosphaeraceae",NA,NA
"ASV1442",2.39284161350814e-05,0.000464481432557587,"Bacteria","Actinobacteriota","Thermoleophilia","Solirubrobacterales","67-14",NA,NA
"ASV1455",1.02689156151545e-05,0.000220689998979258,"Bacteria","Bacteroidota","Bacteroidia","Chitinophagales","Chitinophagaceae",NA,NA
"ASV1456",0.00705410240068292,0.0369917744628405,"Bacteria","Bacteroidota","Bacteroidia","Sphingobacteriales","Sphingobacteriaceae","Mucilaginibacter","Mucilaginibacter_pineti"
"ASV1460",3.75846071382431e-05,0.000519920398745696,"Bacteria","Proteobacteria","Gammaproteobacteria","Burkholderiales","TRA3-20",NA,NA
"ASV1465",1.02689156151545e-05,0.000220689998979258,"Bacteria","Bacteroidota","Bacteroidia","Sphingobacteriales","Sphingobacteriaceae","Mucilaginibacter","Mucilaginibacter_rigui"
"ASV1473",1.02689156151545e-05,0.000220689998979258,"Bacteria","Acidobacteriota","Vicinamibacteria","Vicinamibacterales","Vicinamibacteraceae",NA,NA
"ASV1476",0.00285558548609658,0.0174895528372378,"Bacteria","Proteobacteria","Gammaproteobacteria","Pseudomonadales","Cellvibrionaceae","Cellvibrio",NA
"ASV1489",1.02689156151545e-05,0.000220689998979258,"Bacteria","Acidobacteriota","Blastocatellia","Blastocatellales","Blastocatellaceae","Stenotrophobacter",NA
"ASV1490",3.75846071382431e-05,0.000519920398745696,"Bacteria","Actinobacteriota","Thermoleophilia","Solirubrobacterales","Solirubrobacteraceae","Solirubrobacter",NA
"ASV1495",1.02689156151545e-05,0.000220689998979258,"Bacteria","Proteobacteria","Alphaproteobacteria","Rhizobiales","Xanthobacteraceae",NA,NA
"ASV1505",1.41913958889126e-05,0.00029195461456934,"Bacteria","Bacteroidota","Bacteroidia","Chitinophagales","Chitinophagaceae","Aurantisolimonas","Aurantisolimonas_haloimpatiens"
"ASV1507",0.000802200902648342,0.00670450546067555,"Bacteria","Actinobacteriota","Actinobacteria","Propionibacteriales","Nocardioidaceae","Nocardioides",NA
"ASV1516",0.0015102919022216,0.0109826967028622,"Bacteria","Actinobacteriota","Actinobacteria","Frankiales","Geodermatophilaceae",NA,NA
"ASV1520",3.75846071382431e-05,0.000519920398745696,"Bacteria","Actinobacteriota","Thermoleophilia","Solirubrobacterales","Solirubrobacteraceae","Conexibacter",NA
"ASV1525",0.00705410240068292,0.0369917744628405,"Bacteria","Acidobacteriota","Blastocatellia","Blastocatellales","Blastocatellaceae","Aridibacter",NA
"ASV1527",6.06178124631807e-05,0.00081970266628582,"Bacteria","Verrucomicrobiota","Verrucomicrobiae","Chthoniobacterales","Chthoniobacteraceae","Chthoniobacter",NA
"ASV1529",3.75846071382431e-05,0.000519920398745696,"Bacteria","Planctomycetota","Planctomycetes","Pirellulales","Pirellulaceae",NA,NA
"ASV1530",3.75846071382431e-05,0.000519920398745696,"Bacteria","Acidobacteriota","Blastocatellia","Pyrinomonadales","Pyrinomonadaceae","RB41",NA
"ASV1545",0.000383391726577478,0.0033195103808345,"Bacteria","Actinobacteriota","Thermoleophilia","Solirubrobacterales","Solirubrobacteraceae","Solirubrobacter",NA
"ASV1549",0.000383391726577478,0.0033195103808345,"Bacteria","Actinobacteriota","Actinobacteria","Micrococcales","Microbacteriaceae",NA,NA
"ASV1553",1.02689156151545e-05,0.000220689998979258,"Bacteria","Chloroflexi","Chloroflexia","Chloroflexales","Roseiflexaceae",NA,NA
"ASV1554",0.000125308727883931,0.0013772516347791,"Bacteria","Gemmatimonadota","Gemmatimonadetes","Gemmatimonadales","Gemmatimonadaceae",NA,NA
"ASV1560",0.00285558548609658,0.0174895528372378,"Bacteria","Verrucomicrobiota","Verrucomicrobiae","Pedosphaerales","Pedosphaeraceae",NA,NA
"ASV1610",0.00108433256167357,0.00795728193886668,"Bacteria","Proteobacteria","Alphaproteobacteria","Rhizobiales","Devosiaceae","Devosia","Devosia_geojensis"
"ASV1615",1.02689156151545e-05,0.000220689998979258,"Bacteria","Proteobacteria","Gammaproteobacteria","Burkholderiales","Nitrosomonadaceae","mle1-7",NA
"ASV1619",0.00252582530586469,0.0174895528372378,"Bacteria","Acidobacteriota","Blastocatellia","Blastocatellales","Blastocatellaceae","Stenotrophobacter",NA
"ASV162",3.75846071382431e-05,0.000519920398745696,"Bacteria","Verrucomicrobiota","Verrucomicrobiae","Chthoniobacterales","Chthoniobacteraceae","Chthoniobacter",NA
"ASV164",1.02689156151545e-05,0.000220689998979258,"Bacteria","Proteobacteria","Gammaproteobacteria","Pseudomonadales","Pseudomonadaceae","Pseudomonas",NA
"ASV1644",3.75846071382431e-05,0.000519920398745696,"Bacteria","Proteobacteria","Alphaproteobacteria","Sphingomonadales","Sphingomonadaceae","Sphingomonas",NA
"ASV1649",1.02689156151545e-05,0.000220689998979258,"Bacteria","Proteobacteria","Gammaproteobacteria","Burkholderiales","TRA3-20",NA,NA
"ASV1652",0.000802200902648342,0.00670450546067555,"Bacteria","Bacteroidota","Bacteroidia","Chitinophagales","Chitinophagaceae","Segetibacter",NA
"ASV1667",0.000383391726577478,0.0033195103808345,"Bacteria","Firmicutes","Bacilli","Paenibacillales","Paenibacillaceae","Paenibacillus",NA
"ASV1672",1.02689156151545e-05,0.000220689998979258,"Bacteria","Actinobacteriota","Thermoleophilia","Gaiellales","Gaiellaceae","Gaiella",NA
"ASV1686",0.000125308727883931,0.0013772516347791,"Bacteria","Proteobacteria","Alphaproteobacteria","Rhizobiales","Rhizobiaceae","Phyllobacterium",NA
"ASV1688",0.00108433256167357,0.00795728193886668,"Bacteria","Actinobacteriota","Actinobacteria","Micrococcales","Intrasporangiaceae","Knoellia",NA
"ASV1696",1.02689156151545e-05,0.000220689998979258,"Bacteria","Verrucomicrobiota","Verrucomicrobiae","Pedosphaerales","Pedosphaeraceae","Ellin517",NA
"ASV1700",1.02689156151545e-05,0.000220689998979258,"Bacteria","Actinobacteriota","Actinobacteria","Corynebacteriales","Nocardiaceae","Rhodococcus",NA
"ASV1720",3.75846071382431e-05,0.000519920398745696,"Bacteria","Bacteroidota","Bacteroidia","Chitinophagales","Chitinophagaceae","Segetibacter",NA
"ASV1727",0.00108433256167357,0.00795728193886668,"Bacteria","Bacteroidota","Bacteroidia","Chitinophagales","Chitinophagaceae","Segetibacter",NA
"ASV173",3.64420272924621e-05,0.000519920398745696,"Bacteria","Proteobacteria","Gammaproteobacteria","Burkholderiales","Comamonadaceae","Piscinibacter",NA
"ASV1736",0.00285558548609658,0.0174895528372378,"Bacteria","Verrucomicrobiota","Verrucomicrobiae","Pedosphaerales","Pedosphaeraceae",NA,NA
"ASV1738",1.02689156151545e-05,0.000220689998979258,"Bacteria","Acidobacteriota","Blastocatellia","Blastocatellales","Blastocatellaceae",NA,NA
"ASV1745",0.000125308727883931,0.0013772516347791,"Bacteria","Gemmatimonadota","Gemmatimonadetes","Gemmatimonadales","Gemmatimonadaceae",NA,NA
"ASV1757",3.75846071382431e-05,0.000519920398745696,"Bacteria","Actinobacteriota","Actinobacteria","Pseudonocardiales","Pseudonocardiaceae","Saccharothrix",NA
"ASV1758",0.00108433256167357,0.00795728193886668,"Bacteria","Bacteroidota","Bacteroidia","Chitinophagales","Chitinophagaceae","Flavisolibacter",NA
"ASV1762",0.00705410240068292,0.0369917744628405,"Bacteria","Bacteroidota","Bacteroidia","Chitinophagales","Chitinophagaceae","Flavisolibacter",NA
"ASV1766",1.02689156151545e-05,0.000220689998979258,"Bacteria","Proteobacteria","Alphaproteobacteria","Rhizobiales","Rhizobiales Incertae Sedis",NA,NA
"ASV1769",0.000125308727883931,0.0013772516347791,"Bacteria","Nitrospirota","Nitrospiria","Nitrospirales","Nitrospiraceae","Nitrospira",NA
"ASV1773",0.000125308727883931,0.0013772516347791,"Bacteria","Actinobacteriota","Thermoleophilia","Solirubrobacterales","67-14",NA,NA
"ASV1782",0.000383391726577478,0.0033195103808345,"Bacteria","Verrucomicrobiota","Verrucomicrobiae","Chthoniobacterales","Chthoniobacteraceae","Chthoniobacter",NA
"ASV1794",0.00504563788094748,0.0305146994458306,"Bacteria","Actinobacteriota","Thermoleophilia","Solirubrobacterales","67-14",NA,NA
"ASV1795",0.000383391726577478,0.0033195103808345,"Bacteria","Verrucomicrobiota","Verrucomicrobiae","Opitutales","Opitutaceae","Opitutus",NA
"ASV1820",0.000125308727883931,0.0013772516347791,"Bacteria","Proteobacteria","Gammaproteobacteria","Burkholderiales","Nitrosomonadaceae","MND1",NA
"ASV1822",3.75846071382431e-05,0.000519920398745696,"Bacteria","Bacteroidota","Bacteroidia","Chitinophagales","Chitinophagaceae","Segetibacter",NA
"ASV1827",0.000323807144764323,0.0033195103808345,"Bacteria","Proteobacteria","Gammaproteobacteria","Xanthomonadales","Xanthomonadaceae","Luteimonas",NA
"ASV1828",0.000166065530709425,0.00180053933521435,"Bacteria","Actinobacteriota","Actinobacteria","Streptosporangiales","Streptosporangiaceae","Nonomuraea",NA
"ASV1851",0.00247659267844387,0.0174895528372378,"Bacteria","Actinobacteriota","Actinobacteria","Streptosporangiales","Streptosporangiaceae","Streptosporangium",NA
"ASV1868",3.75846071382431e-05,0.000519920398745696,"Bacteria","Actinobacteriota","Actinobacteria","Propionibacteriales","Nocardioidaceae","Nocardioides",NA
"ASV1870",0.00285558548609658,0.0174895528372378,"Bacteria","Acidobacteriota","Vicinamibacteria","Vicinamibacterales","Vicinamibacteraceae",NA,NA
"ASV1876",3.75846071382431e-05,0.000519920398745696,"Bacteria","Verrucomicrobiota","Verrucomicrobiae","Chthoniobacterales","Chthoniobacteraceae","Chthoniobacter",NA
"ASV1877",0.00158502985610534,0.0114914664567637,"Bacteria","Proteobacteria","Alphaproteobacteria","Sphingomonadales","Sphingomonadaceae","Sphingomonas",NA
"ASV1880",3.75846071382431e-05,0.000519920398745696,"Bacteria","Verrucomicrobiota","Verrucomicrobiae","Opitutales","Opitutaceae","Opitutus",NA
"ASV1906",0.000210887888859063,0.00226610334144537,"Bacteria","Planctomycetota","Planctomycetes","Pirellulales","Pirellulaceae",NA,NA
"ASV1907",3.75846071382431e-05,0.000519920398745696,"Bacteria","Bacteroidota","Bacteroidia","Chitinophagales","Chitinophagaceae",NA,NA
"ASV192",7.39602301050679e-07,0.000148351894885749,"Bacteria","Proteobacteria","Gammaproteobacteria","Burkholderiales","Oxalobacteraceae","Noviherbaspirillum","Noviherbaspirillum_suwonense"
"ASV193",3.75846071382431e-05,0.000519920398745696,"Bacteria","Planctomycetota","Planctomycetes","Isosphaerales","Isosphaeraceae","Aquisphaera",NA
"ASV1931",0.00108433256167357,0.00795728193886668,"Bacteria","Actinobacteriota","Actinobacteria","Streptomycetales","Streptomycetaceae","Streptomyces",NA
"ASV1932",0.00285558548609658,0.0174895528372378,"Bacteria","Nitrospirota","Nitrospiria","Nitrospirales","Nitrospiraceae","Nitrospira",NA
"ASV1941",0.00285558548609658,0.0174895528372378,"Bacteria","Proteobacteria","Alphaproteobacteria","Rhizobiales","Beijerinckiaceae","Microvirga",NA
"ASV1953",0.000125308727883931,0.0013772516347791,"Bacteria","Acidobacteriota","Vicinamibacteria","Vicinamibacterales","Vicinamibacteraceae",NA,NA
"ASV2007",1.02689156151545e-05,0.000220689998979258,"Bacteria","Proteobacteria","Gammaproteobacteria","Burkholderiales","A21b",NA,NA
"ASV2008",0.000125308727883931,0.0013772516347791,"Bacteria","Firmicutes","Bacilli","Bacillales","Bacillaceae",NA,NA
"ASV2009",0.00285558548609658,0.0174895528372378,"Bacteria","Verrucomicrobiota","Verrucomicrobiae","Opitutales","Opitutaceae","Opitutus",NA
"ASV2011",0.000383391726577478,0.0033195103808345,"Bacteria","Acidobacteriota","Blastocatellia","Pyrinomonadales","Pyrinomonadaceae","RB41",NA
"ASV2017",0.00285558548609658,0.0174895528372378,"Bacteria","Armatimonadota","Chthonomonadetes","Chthonomonadales","Chthonomonadaceae","Chthonomonas",NA
"ASV2025",0.000125308727883931,0.0013772516347791,"Bacteria","Actinobacteriota","Actinobacteria","Micrococcales","Intrasporangiaceae","Terrabacter",NA
"ASV2036",0.00705410240068292,0.0369917744628405,"Bacteria","Firmicutes","Bacilli","Paenibacillales","Paenibacillaceae","Paenibacillus",NA
"ASV2040",0.00285558548609658,0.0174895528372378,"Bacteria","Actinobacteriota","Rubrobacteria","Rubrobacterales","Rubrobacteriaceae","Rubrobacter",NA
"ASV2051",0.00285558548609658,0.0174895528372378,"Bacteria","Bacteroidota","Bacteroidia","Chitinophagales","Chitinophagaceae","Segetibacter","Segetibacter_koreensis"
"ASV2077",0.000125308727883931,0.0013772516347791,"Bacteria","Proteobacteria","Gammaproteobacteria","Burkholderiales","SC-I-84",NA,NA
"ASV2082",0.000125308727883931,0.0013772516347791,"Bacteria","Acidobacteriota","Acidobacteriae","Solibacterales","Solibacteraceae","Candidatus Solibacter",NA
"ASV2085",0.000383391726577478,0.0033195103808345,"Bacteria","Verrucomicrobiota","Verrucomicrobiae","Chthoniobacterales","Chthoniobacteraceae","Chthoniobacter",NA
"ASV2086",0.00315953117864405,0.0192531431569525,"Bacteria","Planctomycetota","Planctomycetes","Pirellulales","Pirellulaceae","Pirellula",NA
"ASV2087",0.00705410240068292,0.0369917744628405,"Bacteria","Proteobacteria","Gammaproteobacteria","Gammaproteobacteria Incertae Sedis","Unknown Family","Acidibacter",NA
"ASV2100",0.000125308727883931,0.0013772516347791,"Bacteria","Bacteroidota","Bacteroidia","Chitinophagales","Chitinophagaceae","Flavitalea",NA
"ASV211",1.02689156151545e-05,0.000220689998979258,"Bacteria","Bacteroidota","Bacteroidia","Chitinophagales","Chitinophagaceae",NA,NA
"ASV2123",0.000383391726577478,0.0033195103808345,"Bacteria","Verrucomicrobiota","Verrucomicrobiae","Chthoniobacterales","Chthoniobacteraceae","Chthoniobacter",NA
"ASV2125",1.02689156151545e-05,0.000220689998979258,"Bacteria","Proteobacteria","Gammaproteobacteria","Burkholderiales","Sutterellaceae",NA,NA
"ASV2128",0.00108433256167357,0.00795728193886668,"Bacteria","Acidobacteriota","Blastocatellia","Pyrinomonadales","Pyrinomonadaceae","RB41",NA
"ASV2131",0.000383391726577478,0.0033195103808345,"Bacteria","Verrucomicrobiota","Verrucomicrobiae","Chthoniobacterales","Chthoniobacteraceae","Candidatus Udaeobacter",NA
"ASV2132",0.000383391726577478,0.0033195103808345,"Bacteria","Bacteroidota","Bacteroidia","Chitinophagales","Chitinophagaceae","Terrimonas","Terrimonas_arctica"
"ASV2135",0.000478418114695874,0.0041126871502606,"Bacteria","Bacteroidota","Bacteroidia","Chitinophagales","Chitinophagaceae","Ferruginibacter",NA
"ASV2143",0.000802200902648342,0.00670450546067555,"Bacteria","Acidobacteriota","Vicinamibacteria","Vicinamibacterales","Vicinamibacteraceae",NA,NA
"ASV2152",0.00705410240068292,0.0369917744628405,"Bacteria","Actinobacteriota","Actinobacteria","Streptomycetales","Streptomycetaceae",NA,NA
"ASV2155",1.02689156151545e-05,0.000220689998979258,"Bacteria","Proteobacteria","Gammaproteobacteria","Steroidobacterales","Steroidobacteraceae",NA,NA
"ASV2158",0.00705410240068292,0.0369917744628405,"Bacteria","Proteobacteria","Alphaproteobacteria","Rhizobiales","Beijerinckiaceae","Microvirga",NA
"ASV2163",0.000125308727883931,0.0013772516347791,"Bacteria","Chloroflexi","Chloroflexia","Thermomicrobiales","JG30-KF-CM45",NA,NA
"ASV2167",0.000125308727883931,0.0013772516347791,"Bacteria","Proteobacteria","Alphaproteobacteria","Rhizobiales","Beijerinckiaceae","Methylobacterium-Methylorubrum",NA
"ASV2168",0.000760734455653942,0.00649321927219517,"Bacteria","Proteobacteria","Alphaproteobacteria","Rhodobacterales","Rhodobacteraceae","Rubellimicrobium",NA
"ASV217",1.02689156151545e-05,0.000220689998979258,"Bacteria","Actinobacteriota","Actinobacteria","Propionibacteriales","Nocardioidaceae","Kribbella",NA
"ASV2184",0.00285558548609658,0.0174895528372378,"Bacteria","Verrucomicrobiota","Verrucomicrobiae","Chthoniobacterales","Chthoniobacteraceae","Chthoniobacter",NA
"ASV2187",0.00705410240068292,0.0369917744628405,"Bacteria","Acidobacteriota","Thermoanaerobaculia","Thermoanaerobaculales","Thermoanaerobaculaceae","Subgroup 10",NA
"ASV2192",0.00705410240068292,0.0369917744628405,"Bacteria","Actinobacteriota","Thermoleophilia","Solirubrobacterales","Solirubrobacteraceae","Solirubrobacter",NA
"ASV2200",3.75846071382431e-05,0.000519920398745696,"Bacteria","Proteobacteria","Gammaproteobacteria","Gammaproteobacteria Incertae Sedis","Unknown Family","Acidibacter",NA
"ASV2201",0.000383391726577478,0.0033195103808345,"Bacteria","Bacteroidota","Bacteroidia","Chitinophagales","Chitinophagaceae",NA,NA
"ASV221",7.39602301050679e-07,0.000148351894885749,"Bacteria","Acidobacteriota","Blastocatellia","Blastocatellales","Blastocatellaceae",NA,NA
"ASV2210",0.000383391726577478,0.0033195103808345,"Bacteria","Verrucomicrobiota","Verrucomicrobiae","Chthoniobacterales","Chthoniobacteraceae","Chthoniobacter",NA
"ASV2214",0.000383391726577478,0.0033195103808345,"Bacteria","Actinobacteriota","Thermoleophilia","Solirubrobacterales","Solirubrobacteraceae","Conexibacter",NA
"ASV2215",6.06178124631807e-05,0.00081970266628582,"Bacteria","Actinobacteriota","Thermoleophilia","Gaiellales","Gaiellaceae","Gaiella",NA
"ASV222",0.000973504501939746,0.00795728193886668,"Bacteria","Gemmatimonadota","Gemmatimonadetes","Gemmatimonadales","Gemmatimonadaceae",NA,NA
"ASV2225",0.000383391726577478,0.0033195103808345,"Bacteria","Gemmatimonadota","Longimicrobia","Longimicrobiales","Longimicrobiaceae","YC-ZSS-LKJ147",NA
"ASV2226",1.02689156151545e-05,0.000220689998979258,"Bacteria","Proteobacteria","Gammaproteobacteria","Burkholderiales","Nitrosomonadaceae","mle1-7",NA
"ASV2228",0.00705410240068292,0.0369917744628405,"Bacteria","Actinobacteriota","Thermoleophilia","Solirubrobacterales","Solirubrobacteraceae","Solirubrobacter",NA
"ASV225",7.17414232019159e-05,0.000964701707525204,"Bacteria","Actinobacteriota","Actinobacteria","Micrococcales","Micrococcaceae",NA,NA
"ASV2259",0.000125308727883931,0.0013772516347791,"Bacteria","Firmicutes","Bacilli","Bacillales","Bacillaceae",NA,NA
"ASV226",0.000377279989113545,0.0033195103808345,"Bacteria","Proteobacteria","Gammaproteobacteria","Burkholderiales","Comamonadaceae","Ramlibacter",NA
"ASV2263",0.00826728790219737,0.043259482566498,"Bacteria","Proteobacteria","Gammaproteobacteria","Gammaproteobacteria Incertae Sedis","Unknown Family","Acidibacter",NA
"ASV2273",0.00705410240068292,0.0369917744628405,"Bacteria","Proteobacteria","Alphaproteobacteria","Caulobacterales","Caulobacteraceae",NA,NA
"ASV228",0.00109672818810077,0.00802378343087705,"Bacteria","Proteobacteria","Gammaproteobacteria","Burkholderiales","Oxalobacteraceae","Massilia",NA
"ASV229",1.02689156151545e-05,0.000220689998979258,"Bacteria","Proteobacteria","Alphaproteobacteria","Micropepsales","Micropepsaceae",NA,NA
"ASV2292",0.000383391726577478,0.0033195103808345,"Bacteria","Proteobacteria","Alphaproteobacteria","Rhizobiales","Xanthobacteraceae","Pseudolabrys",NA
"ASV2303",0.000125308727883931,0.0013772516347791,"Bacteria","Actinobacteriota","Thermoleophilia","Solirubrobacterales","67-14",NA,NA
"ASV2333",0.000383391726577478,0.0033195103808345,"Bacteria","Chloroflexi","Chloroflexia","Thermomicrobiales","JG30-KF-CM45",NA,NA
"ASV2339",0.00285558548609658,0.0174895528372378,"Bacteria","Proteobacteria","Gammaproteobacteria","Steroidobacterales","Steroidobacteraceae",NA,NA
"ASV2350",0.000383391726577478,0.0033195103808345,"Bacteria","Proteobacteria","Gammaproteobacteria","Xanthomonadales","Xanthomonadaceae","Thermomonas",NA
"ASV2351",0.000383391726577478,0.0033195103808345,"Bacteria","Verrucomicrobiota","Verrucomicrobiae","Pedosphaerales","Pedosphaeraceae",NA,NA
"ASV2355",0.000383391726577478,0.0033195103808345,"Bacteria","Actinobacteriota","Thermoleophilia","Solirubrobacterales","Solirubrobacteraceae","Parviterribacter",NA
"ASV2359",0.00108433256167357,0.00795728193886668,"Bacteria","Proteobacteria","Alphaproteobacteria","Rhizobiales","Beijerinckiaceae","Microvirga",NA
"ASV2381",0.00285558548609658,0.0174895528372378,"Bacteria","Bacteroidota","Bacteroidia","Cytophagales","Microscillaceae",NA,NA
"ASV239",0.00363662451426619,0.0221044323379766,"Bacteria","Proteobacteria","Alphaproteobacteria","Rhizobiales","Beijerinckiaceae","Microvirga",NA
"ASV2392",6.06178124631807e-05,0.00081970266628582,"Bacteria","Proteobacteria","Alphaproteobacteria","Rhizobiales","Rhizobiales Incertae Sedis","Alsobacter","Alsobacter_metallidurans"
"ASV2393",0.00705410240068292,0.0369917744628405,"Bacteria","Proteobacteria","Gammaproteobacteria","Burkholderiales","TRA3-20",NA,NA
"ASV2394",0.000383391726577478,0.0033195103808345,"Bacteria","Firmicutes","Clostridia","Clostridiales","Clostridiaceae","Clostridium sensu stricto 8",NA
"ASV2395",0.00285558548609658,0.0174895528372378,"Bacteria","Planctomycetota","Phycisphaerae","Tepidisphaerales","WD2101 soil group",NA,NA
"ASV2402",0.00705410240068292,0.0369917744628405,"Bacteria","Proteobacteria","Alphaproteobacteria","Rhizobiales","Xanthobacteraceae",NA,NA
"ASV2434",0.00705410240068292,0.0369917744628405,"Bacteria","Actinobacteriota","Thermoleophilia","Solirubrobacterales","Solirubrobacteraceae","Solirubrobacter",NA
"ASV2437",0.00108433256167357,0.00795728193886668,"Bacteria","Proteobacteria","Alphaproteobacteria","Rhizobiales","Rhizobiaceae","Mesorhizobium",NA
"ASV2455",1.02689156151545e-05,0.000220689998979258,"Bacteria","Planctomycetota","Planctomycetes","Gemmatales","Gemmataceae",NA,NA
"ASV2483",0.00108433256167357,0.00795728193886668,"Bacteria","Proteobacteria","Gammaproteobacteria","Burkholderiales","Nitrosomonadaceae","IS-44",NA
"ASV2491",0.00705410240068292,0.0369917744628405,"Bacteria","Bacteroidota","Bacteroidia","Chitinophagales","Chitinophagaceae","Flaviaesturariibacter",NA
"ASV2493",3.75846071382431e-05,0.000519920398745696,"Bacteria","Chloroflexi","Anaerolineae","Anaerolineales","Anaerolineaceae",NA,NA
"ASV2497",3.75846071382431e-05,0.000519920398745696,"Bacteria","Chloroflexi","Anaerolineae","Caldilineales","Caldilineaceae",NA,NA
"ASV2510",1.02689156151545e-05,0.000220689998979258,"Bacteria","Proteobacteria","Gammaproteobacteria","Burkholderiales","Nitrosomonadaceae","MND1",NA
"ASV2523",0.00285558548609658,0.0174895528372378,"Bacteria","Verrucomicrobiota","Verrucomicrobiae","Pedosphaerales","Pedosphaeraceae",NA,NA
"ASV2533",0.000125308727883931,0.0013772516347791,"Bacteria","Bacteroidota","Bacteroidia","Chitinophagales","Saprospiraceae",NA,NA
"ASV2547",0.00108433256167357,0.00795728193886668,"Bacteria","Acidobacteriota","Vicinamibacteria","Vicinamibacterales","Vicinamibacteraceae",NA,NA
"ASV255",1.02689156151545e-05,0.000220689998979258,"Bacteria","Actinobacteriota","Actinobacteria","Pseudonocardiales","Pseudonocardiaceae","Amycolatopsis",NA
"ASV2551",3.75846071382431e-05,0.000519920398745696,"Bacteria","Actinobacteriota","Thermoleophilia","Solirubrobacterales","67-14",NA,NA
"ASV2552",0.000125308727883931,0.0013772516347791,"Bacteria","Actinobacteriota","Actinobacteria","Pseudonocardiales","Pseudonocardiaceae","Umezawaea",NA
"ASV2561",0.00705410240068292,0.0369917744628405,"Bacteria","Planctomycetota","Planctomycetes","Gemmatales","Gemmataceae",NA,NA
"ASV2571",0.00108433256167357,0.00795728193886668,"Bacteria","Verrucomicrobiota","Verrucomicrobiae","Pedosphaerales","Pedosphaeraceae",NA,NA
"ASV2572",0.00285558548609658,0.0174895528372378,"Bacteria","Bacteroidota","Bacteroidia","Sphingobacteriales","env.OPS 17",NA,NA
"ASV2588",0.00705410240068292,0.0369917744628405,"Bacteria","Gemmatimonadota","Gemmatimonadetes","Gemmatimonadales","Gemmatimonadaceae",NA,NA
"ASV259",7.39602301050679e-07,0.000148351894885749,"Bacteria","Gemmatimonadota","Gemmatimonadetes","Gemmatimonadales","Gemmatimonadaceae",NA,NA
"ASV2593",0.00108433256167357,0.00795728193886668,"Bacteria","Proteobacteria","Alphaproteobacteria","Sphingomonadales","Sphingomonadaceae","Qipengyuania",NA
"ASV2608",0.000383391726577478,0.0033195103808345,"Bacteria","Nitrospirota","Nitrospiria","Nitrospirales","Nitrospiraceae","Nitrospira",NA
"ASV2625",0.000383391726577478,0.0033195103808345,"Bacteria","Proteobacteria","Alphaproteobacteria","Rhizobiales","KF-JG30-B3",NA,NA
"ASV2628",0.000383391726577478,0.0033195103808345,"Bacteria","Planctomycetota","Phycisphaerae","Tepidisphaerales","WD2101 soil group",NA,NA
"ASV2635",0.00108433256167357,0.00795728193886668,"Bacteria","Actinobacteriota","Thermoleophilia","Solirubrobacterales","Solirubrobacteraceae","Solirubrobacter",NA
"ASV2641",0.00285558548609658,0.0174895528372378,"Bacteria","Proteobacteria","Gammaproteobacteria","Pseudomonadales","Pseudomonadaceae","Pseudomonas",NA
"ASV2649",0.000125308727883931,0.0013772516347791,"Bacteria","Proteobacteria","Alphaproteobacteria","Sphingomonadales","Sphingomonadaceae","Sphingomonas",NA
"ASV2658",0.00705410240068292,0.0369917744628405,"Bacteria","Bacteroidota","Bacteroidia","Cytophagales","Microscillaceae","Chryseolinea",NA
"ASV2680",0.000383391726577478,0.0033195103808345,"Bacteria","Verrucomicrobiota","Verrucomicrobiae","Pedosphaerales","Pedosphaeraceae",NA,NA
"ASV2681",0.00705410240068292,0.0369917744628405,"Bacteria","Proteobacteria","Alphaproteobacteria","Sphingomonadales","Sphingomonadaceae","Sphingomonas",NA
"ASV2687",0.00705410240068292,0.0369917744628405,"Bacteria","Bacteroidota","Bacteroidia","Chitinophagales","Chitinophagaceae","Ferruginibacter",NA
"ASV2698",0.00108433256167357,0.00795728193886668,"Bacteria","Proteobacteria","Alphaproteobacteria","Sphingomonadales","Sphingomonadaceae","Sphingomonas",NA
"ASV2699",0.00108433256167357,0.00795728193886668,"Bacteria","Actinobacteriota","Actinobacteria","Micrococcales","Micrococcaceae",NA,NA
"ASV2705",1.02689156151545e-05,0.000220689998979258,"Bacteria","Armatimonadota","Fimbriimonadia","Fimbriimonadales","Fimbriimonadaceae",NA,NA
"ASV2721",0.00705410240068292,0.0369917744628405,"Bacteria","Chloroflexi","Anaerolineae","SBR1031","A4b",NA,NA
"ASV2757",0.000383391726577478,0.0033195103808345,"Bacteria","Proteobacteria","Alphaproteobacteria","Acetobacterales","Acetobacteraceae",NA,NA
"ASV2758",0.000383391726577478,0.0033195103808345,"Bacteria","Bacteroidota","Bacteroidia","Chitinophagales","Chitinophagaceae","Cnuella",NA
"ASV2759",0.000383391726577478,0.0033195103808345,"Bacteria","Proteobacteria","Alphaproteobacteria","Rhizobiales","Rhizobiales Incertae Sedis","Nordella",NA
"ASV2760",0.00285558548609658,0.0174895528372378,"Bacteria","Bacteroidota","Bacteroidia","Sphingobacteriales","Sphingobacteriaceae","Mucilaginibacter",NA
"ASV2769",0.00285558548609658,0.0174895528372378,"Bacteria","Bacteroidota","Bacteroidia","Sphingobacteriales","env.OPS 17",NA,NA
"ASV2775",0.00705410240068292,0.0369917744628405,"Bacteria","Verrucomicrobiota","Verrucomicrobiae","Pedosphaerales","Pedosphaeraceae",NA,NA
"ASV2777",0.00705410240068292,0.0369917744628405,"Bacteria","Proteobacteria","Alphaproteobacteria","Sphingomonadales","Sphingomonadaceae","Sphingomonas",NA
"ASV2804",0.00705410240068292,0.0369917744628405,"Bacteria","Verrucomicrobiota","Verrucomicrobiae","Pedosphaerales","Pedosphaeraceae",NA,NA
"ASV2812",0.00705410240068292,0.0369917744628405,"Bacteria","Acidobacteriota","Blastocatellia","Blastocatellales","Blastocatellaceae","JGI 0001001-H03",NA
"ASV282",0.00285558548609658,0.0174895528372378,"Bacteria","Proteobacteria","Gammaproteobacteria","Burkholderiales","Comamonadaceae",NA,NA
"ASV2832",0.00285558548609658,0.0174895528372378,"Bacteria","Bacteroidota","Bacteroidia","Chitinophagales","Chitinophagaceae","Terrimonas",NA
"ASV2840",0.000383391726577478,0.0033195103808345,"Bacteria","Gemmatimonadota","Gemmatimonadetes","Gemmatimonadales","Gemmatimonadaceae",NA,NA
"ASV2841",0.00108433256167357,0.00795728193886668,"Bacteria","Proteobacteria","Alphaproteobacteria","Rhizobiales","Hyphomicrobiaceae","Pedomicrobium",NA
"ASV2850",0.00108433256167357,0.00795728193886668,"Bacteria","Gemmatimonadota","Gemmatimonadetes","Gemmatimonadales","Gemmatimonadaceae",NA,NA
"ASV2852",0.00108433256167357,0.00795728193886668,"Bacteria","Proteobacteria","Alphaproteobacteria","Rhizobiales","Beijerinckiaceae","Psychroglaciecola",NA
"ASV2867",0.00285558548609658,0.0174895528372378,"Bacteria","Proteobacteria","Alphaproteobacteria","Rhizobiales","Hyphomicrobiaceae","Pedomicrobium",NA
"ASV2883",3.75846071382431e-05,0.000519920398745696,"Bacteria","Proteobacteria","Gammaproteobacteria","Burkholderiales","SC-I-84",NA,NA
"ASV2893",0.00285558548609658,0.0174895528372378,"Bacteria","Proteobacteria","Gammaproteobacteria","Gammaproteobacteria Incertae Sedis","Unknown Family","Acidibacter",NA
"ASV291",7.39602301050679e-07,0.000148351894885749,"Bacteria","Proteobacteria","Alphaproteobacteria","Azospirillales","Azospirillaceae","Skermanella",NA
"ASV2915",0.000125308727883931,0.0013772516347791,"Bacteria","Bacteroidota","Bacteroidia","Chitinophagales","Chitinophagaceae","Terrimonas",NA
"ASV2916",0.000383391726577478,0.0033195103808345,"Bacteria","Proteobacteria","Alphaproteobacteria","Sphingomonadales","Sphingomonadaceae","Sphingomonas",NA
"ASV2930",0.000383391726577478,0.0033195103808345,"Bacteria","Bacteroidota","Bacteroidia","Chitinophagales","Chitinophagaceae","Ferruginibacter",NA
"ASV2939",0.000125308727883931,0.0013772516347791,"Bacteria","Myxococcota","Polyangia","Haliangiales","Haliangiaceae","Haliangium",NA
"ASV294",4.62396033278944e-05,0.000635992715487096,"Bacteria","Actinobacteriota","Actinobacteria","Propionibacteriales","Nocardioidaceae","Marmoricola",NA
"ASV2947",0.00705410240068292,0.0369917744628405,"Bacteria","Bacteroidota","Bacteroidia","Chitinophagales","Chitinophagaceae","Flavisolibacter",NA
"ASV2977",0.00705410240068292,0.0369917744628405,"Bacteria","Planctomycetota","Phycisphaerae","Tepidisphaerales","WD2101 soil group",NA,NA
"ASV2987",0.000383391726577478,0.0033195103808345,"Bacteria","Bacteroidota","Bacteroidia","Cytophagales","Hymenobacteraceae","Hymenobacter","Hymenobacter_gelipurpurascens"
"ASV3",1.02689156151545e-05,0.000220689998979258,"Bacteria","Proteobacteria","Alphaproteobacteria","Rhizobiales","Xanthobacteraceae","Bradyrhizobium",NA
"ASV300",1.02689156151545e-05,0.000220689998979258,"Bacteria","Acidobacteriota","Vicinamibacteria","Vicinamibacterales","Vicinamibacteraceae",NA,NA
"ASV302",0.00584188666329428,0.0352416571392214,"Bacteria","Gemmatimonadota","Gemmatimonadetes","Gemmatimonadales","Gemmatimonadaceae",NA,NA
"ASV3028",0.000383391726577478,0.0033195103808345,"Bacteria","Verrucomicrobiota","Verrucomicrobiae","Chthoniobacterales","Chthoniobacteraceae","Chthoniobacter",NA
"ASV3046",0.00705410240068292,0.0369917744628405,"Bacteria","Sumerlaeota","Sumerlaeia","Sumerlaeales","Sumerlaeaceae","Sumerlaea",NA
"ASV3056",0.000125308727883931,0.0013772516347791,"Bacteria","Proteobacteria","Alphaproteobacteria","Rhizobiales","Labraceae","Labrys",NA
"ASV308",0.000383391726577478,0.0033195103808345,"Bacteria","Firmicutes","Bacilli","Bacillales","Bacillaceae","Bacillus",NA
"ASV3080",0.00705410240068292,0.0369917744628405,"Bacteria","Proteobacteria","Alphaproteobacteria","Rhizobiales","Hyphomicrobiaceae","Pedomicrobium",NA
"ASV3091",0.00108433256167357,0.00795728193886668,"Bacteria","Myxococcota","Polyangia","Haliangiales","Haliangiaceae","Haliangium",NA
"ASV3099",0.00108433256167357,0.00795728193886668,"Bacteria","Chloroflexi","Chloroflexia","Thermomicrobiales","JG30-KF-CM45",NA,NA
"ASV311",0.00285558548609658,0.0174895528372378,"Bacteria","Bacteroidota","Bacteroidia","Sphingobacteriales","Sphingobacteriaceae","Mucilaginibacter",NA
"ASV3120",0.00705410240068292,0.0369917744628405,"Bacteria","Proteobacteria","Alphaproteobacteria","Micropepsales","Micropepsaceae",NA,NA
"ASV3122",0.00285558548609658,0.0174895528372378,"Bacteria","Proteobacteria","Gammaproteobacteria","Burkholderiales","Nitrosomonadaceae","MND1",NA
"ASV3124",0.00285558548609658,0.0174895528372378,"Bacteria","Planctomycetota","Planctomycetes","Gemmatales","Gemmataceae",NA,NA
"ASV3132",0.00148339297365831,0.0108197784472592,"Bacteria","Planctomycetota","Phycisphaerae","Tepidisphaerales","WD2101 soil group",NA,NA
"ASV3137",0.00705410240068292,0.0369917744628405,"Bacteria","Acidobacteriota","Blastocatellia","Pyrinomonadales","Pyrinomonadaceae","RB41",NA
"ASV3149",0.00108433256167357,0.00795728193886668,"Bacteria","Bacteroidota","Bacteroidia","Chitinophagales","Chitinophagaceae","Flaviaesturariibacter",NA
"ASV3161",0.00108433256167357,0.00795728193886668,"Bacteria","Acidobacteriota","Acidobacteriae","Acidobacteriales","Koribacteraceae","Candidatus Koribacter",NA
"ASV3168",0.00285558548609658,0.0174895528372378,"Bacteria","Proteobacteria","Gammaproteobacteria","Burkholderiales","Nitrosomonadaceae","MND1",NA
"ASV3202",0.000125308727883931,0.0013772516347791,"Bacteria","Bacteroidota","Bacteroidia","Chitinophagales","Chitinophagaceae","Flavisolibacter",NA
"ASV3205",0.000125308727883931,0.0013772516347791,"Bacteria","Planctomycetota","Planctomycetes","Pirellulales","Pirellulaceae","Pirellula",NA
"ASV3227",0.000383391726577478,0.0033195103808345,"Bacteria","Proteobacteria","Alphaproteobacteria","Acetobacterales","Acetobacteraceae","Roseomonas",NA
"ASV3233",0.00285558548609658,0.0174895528372378,"Bacteria","Verrucomicrobiota","Verrucomicrobiae","Pedosphaerales","Pedosphaeraceae","ADurb.Bin063-1",NA
"ASV3248",0.000383391726577478,0.0033195103808345,"Bacteria","Bacteroidota","Bacteroidia","Cytophagales","Cytophagaceae","Rhodocytophaga",NA
"ASV3274",0.00108433256167357,0.00795728193886668,"Bacteria","Acidobacteriota","Acidobacteriae","Acidobacteriales","Koribacteraceae","Candidatus Koribacter",NA
"ASV3277",0.000383391726577478,0.0033195103808345,"Bacteria","Planctomycetota","Phycisphaerae","Tepidisphaerales","WD2101 soil group",NA,NA
"ASV3278",3.75846071382431e-05,0.000519920398745696,"Bacteria","Proteobacteria","Alphaproteobacteria","Caulobacterales","Hyphomonadaceae","SWB02",NA
"ASV3316",0.00705410240068292,0.0369917744628405,"Bacteria","Firmicutes","Bacilli","Paenibacillales","Paenibacillaceae","Paenibacillus","Paenibacillus_edaphicus"
"ASV3328",0.00285558548609658,0.0174895528372378,"Bacteria","Proteobacteria","Gammaproteobacteria","Burkholderiales","A21b",NA,NA
"ASV3340",1.02689156151545e-05,0.000220689998979258,"Bacteria","Chloroflexi","Anaerolineae","SBR1031","A4b",NA,NA
"ASV3352",0.00615058795423664,0.0369917744628405,"Bacteria","Proteobacteria","Alphaproteobacteria","Tistrellales","Geminicoccaceae","Candidatus Alysiosphaera",NA
"ASV3354",0.000125308727883931,0.0013772516347791,"Bacteria","Acidobacteriota","Blastocatellia","Pyrinomonadales","Pyrinomonadaceae","RB41",NA
"ASV337",1.02689156151545e-05,0.000220689998979258,"Bacteria","Actinobacteriota","Actinobacteria","Streptomycetales","Streptomycetaceae",NA,NA
"ASV338",1.02689156151545e-05,0.000220689998979258,"Bacteria","Verrucomicrobiota","Verrucomicrobiae","Chthoniobacterales","Chthoniobacteraceae","Candidatus Udaeobacter",NA
"ASV341",1.41913958889126e-05,0.00029195461456934,"Bacteria","Actinobacteriota","Actinobacteria","Propionibacteriales","Nocardioidaceae","Nocardioides",NA
"ASV3429",0.000383391726577478,0.0033195103808345,"Bacteria","Chloroflexi","Chloroflexia","Thermomicrobiales","JG30-KF-CM45",NA,NA
"ASV3447",0.00108433256167357,0.00795728193886668,"Bacteria","Armatimonadota","Fimbriimonadia","Fimbriimonadales","Fimbriimonadaceae",NA,NA
"ASV3448",0.00285558548609658,0.0174895528372378,"Bacteria","Actinobacteriota","Rubrobacteria","Rubrobacterales","Rubrobacteriaceae","Rubrobacter",NA
"ASV3487",0.00705410240068292,0.0369917744628405,"Bacteria","Verrucomicrobiota","Verrucomicrobiae","Pedosphaerales","Pedosphaeraceae",NA,NA
"ASV349",7.39602301050679e-07,0.000148351894885749,"Bacteria","Proteobacteria","Gammaproteobacteria","Steroidobacterales","Steroidobacteraceae","Steroidobacter",NA
"ASV3516",0.00285558548609658,0.0174895528372378,"Bacteria","Myxococcota","Polyangia","Haliangiales","Haliangiaceae","Haliangium",NA
"ASV3540",0.000802200902648342,0.00670450546067555,"Bacteria","Proteobacteria","Gammaproteobacteria","Nitrosococcales","Nitrosococcaceae","SZB85",NA
"ASV3549",0.00285558548609658,0.0174895528372378,"Bacteria","Planctomycetota","Planctomycetes","Gemmatales","Gemmataceae",NA,NA
"ASV3579",0.00705410240068292,0.0369917744628405,"Bacteria","Verrucomicrobiota","Verrucomicrobiae","Pedosphaerales","Pedosphaeraceae",NA,NA
"ASV3580",0.00705410240068292,0.0369917744628405,"Bacteria","Nitrospirota","Nitrospiria","Nitrospirales","Nitrospiraceae","Nitrospira",NA
"ASV3582",0.000383391726577478,0.0033195103808345,"Bacteria","Firmicutes","Bacilli","Bacillales","Bacillaceae",NA,NA
"ASV359",1.02689156151545e-05,0.000220689998979258,"Bacteria","Proteobacteria","Alphaproteobacteria","Acetobacterales","Acetobacteraceae",NA,NA
"ASV3613",1.02689156151545e-05,0.000220689998979258,"Bacteria","Verrucomicrobiota","Verrucomicrobiae","Chthoniobacterales","Chthoniobacteraceae","Chthoniobacter",NA
"ASV3642",0.00285558548609658,0.0174895528372378,"Bacteria","Gemmatimonadota","Gemmatimonadetes","Gemmatimonadales","Gemmatimonadaceae","Gemmatimonas",NA
"ASV3660",0.00705410240068292,0.0369917744628405,"Bacteria","Bacteroidota","Bacteroidia","Cytophagales","Microscillaceae","Ohtaekwangia",NA
"ASV3661",0.00705410240068292,0.0369917744628405,"Bacteria","Acidobacteriota","Vicinamibacteria","Vicinamibacterales","Vicinamibacteraceae",NA,NA
"ASV3680",0.00108433256167357,0.00795728193886668,"Bacteria","Planctomycetota","Phycisphaerae","Tepidisphaerales","WD2101 soil group",NA,NA
"ASV3681",0.00252582530586469,0.0174895528372378,"Bacteria","Abditibacteriota","Abditibacteria","Abditibacteriales","Abditibacteriaceae","Abditibacterium",NA
"ASV3684",0.000296412019934462,0.0031430120351641,"Bacteria","Myxococcota","Polyangia","Haliangiales","Haliangiaceae","Haliangium",NA
"ASV3750",0.00705410240068292,0.0369917744628405,"Bacteria","Chloroflexi","Anaerolineae","Caldilineales","Caldilineaceae",NA,NA
"ASV3780",0.000188640070585497,0.00203612847488471,"Bacteria","Sumerlaeota","Sumerlaeia","Sumerlaeales","Sumerlaeaceae","Sumerlaea",NA
"ASV3783",3.75846071382431e-05,0.000519920398745696,"Bacteria","Proteobacteria","Alphaproteobacteria","Rhizobiales","Labraceae","Labrys",NA
"ASV3794",0.000383391726577478,0.0033195103808345,"Bacteria","Proteobacteria","Alphaproteobacteria","Azospirillales","Inquilinaceae","Inquilinus","Inquilinus_ginsengisoli"
"ASV3796",0.00705410240068292,0.0369917744628405,"Bacteria","Proteobacteria","Alphaproteobacteria","Reyranellales","Reyranellaceae",NA,NA
"ASV3817",0.00285558548609658,0.0174895528372378,"Bacteria","Planctomycetota","Phycisphaerae","Tepidisphaerales","WD2101 soil group",NA,NA
"ASV384",1.02689156151545e-05,0.000220689998979258,"Bacteria","Verrucomicrobiota","Verrucomicrobiae","Chthoniobacterales","Chthoniobacteraceae","Candidatus Udaeobacter",NA
"ASV385",1.02689156151545e-05,0.000220689998979258,"Bacteria","Proteobacteria","Alphaproteobacteria","Azospirillales","Azospirillaceae","Skermanella","Skermanella_stibiiresistens"
"ASV390",1.02689156151545e-05,0.000220689998979258,"Bacteria","Nitrospirota","Nitrospiria","Nitrospirales","Nitrospiraceae","Nitrospira","Nitrospira_japonica"
"ASV3915",0.00285558548609658,0.0174895528372378,"Bacteria","Gemmatimonadota","Gemmatimonadetes","Gemmatimonadales","Gemmatimonadaceae","Gemmatimonas",NA
"ASV3937",3.75846071382431e-05,0.000519920398745696,"Bacteria","Proteobacteria","Gammaproteobacteria","Xanthomonadales","Xanthomonadaceae",NA,NA
"ASV3957",0.00108433256167357,0.00795728193886668,"Bacteria","Bacteroidota","Bacteroidia","Chitinophagales","Chitinophagaceae",NA,NA
"ASV397",7.39602301050679e-07,0.000148351894885749,"Bacteria","Proteobacteria","Alphaproteobacteria","Rhizobiales","Rhizobiales Incertae Sedis","Nordella",NA
"ASV3975",0.00108433256167357,0.00795728193886668,"Bacteria","Proteobacteria","Gammaproteobacteria","Salinisphaerales","Solimonadaceae",NA,NA
"ASV400",1.02689156151545e-05,0.000220689998979258,"Bacteria","Verrucomicrobiota","Verrucomicrobiae","Chthoniobacterales","Chthoniobacteraceae","Candidatus Udaeobacter",NA
"ASV402",3.38156067957849e-05,0.000519920398745696,"Bacteria","Proteobacteria","Alphaproteobacteria","Sphingomonadales","Sphingomonadaceae","Sphingomonas",NA
"ASV4022",0.00285558548609658,0.0174895528372378,"Bacteria","Proteobacteria","Alphaproteobacteria","Rhizobiales","Rhizobiales Incertae Sedis","Nordella",NA
"ASV405",1.02689156151545e-05,0.000220689998979258,"Bacteria","Actinobacteriota","Actinobacteria","Kineosporiales","Kineosporiaceae","Angustibacter",NA
"ASV4061",0.00285558548609658,0.0174895528372378,"Bacteria","Proteobacteria","Alphaproteobacteria","Rhizobiales","Rhizobiaceae",NA,NA
"ASV4063",0.00705410240068292,0.0369917744628405,"Bacteria","Acidobacteriota","Vicinamibacteria","Vicinamibacterales","Vicinamibacteraceae",NA,NA
"ASV4099",0.00705410240068292,0.0369917744628405,"Bacteria","Proteobacteria","Gammaproteobacteria","Burkholderiales","Methylophilaceae",NA,NA
"ASV410",1.8306736618623e-05,0.000361182910172341,"Bacteria","Proteobacteria","Gammaproteobacteria","Burkholderiales","Oxalobacteraceae","Oxalicibacterium",NA
"ASV4116",0.000383391726577478,0.0033195103808345,"Bacteria","Gemmatimonadota","Gemmatimonadetes","Gemmatimonadales","Gemmatimonadaceae",NA,NA
"ASV413",3.64420272924621e-05,0.000519920398745696,"Bacteria","Bacteroidota","Bacteroidia","Chitinophagales","Chitinophagaceae",NA,NA
"ASV4155",0.00705410240068292,0.0369917744628405,"Bacteria","Bacteroidota","Bacteroidia","Chitinophagales","Chitinophagaceae","Edaphobaculum",NA
"ASV417",0.00301443292138267,0.0184155838623555,"Bacteria","Proteobacteria","Alphaproteobacteria","Rhizobiales","Xanthobacteraceae",NA,NA
"ASV418",0.000383391726577478,0.0033195103808345,"Bacteria","Proteobacteria","Alphaproteobacteria","Sphingomonadales","Sphingomonadaceae","Sphingomonas",NA
"ASV4207",0.00108433256167357,0.00795728193886668,"Bacteria","Proteobacteria","Alphaproteobacteria","Rhizobiales","Beijerinckiaceae","Microvirga","Microvirga_aerilata"
"ASV4208",0.00285558548609658,0.0174895528372378,"Bacteria","Planctomycetota","Planctomycetes","Pirellulales","Pirellulaceae","Pirellula",NA
"ASV4209",0.00285558548609658,0.0174895528372378,"Bacteria","Acidobacteriota","Acidobacteriae","Bryobacterales","Bryobacteraceae","Bryobacter",NA
"ASV4238",0.00285558548609658,0.0174895528372378,"Bacteria","Firmicutes","Bacilli","Paenibacillales","Paenibacillaceae","Paenibacillus",NA
"ASV4254",0.00285558548609658,0.0174895528372378,"Bacteria","Verrucomicrobiota","Verrucomicrobiae","Pedosphaerales","Pedosphaeraceae",NA,NA
"ASV4255",0.00108433256167357,0.00795728193886668,"Bacteria","Chloroflexi","Anaerolineae","Caldilineales","Caldilineaceae",NA,NA
"ASV438",1.02689156151545e-05,0.000220689998979258,"Bacteria","Firmicutes","Bacilli","Alicyclobacillales","Alicyclobacillaceae","Tumebacillus",NA
"ASV4386",0.00285558548609658,0.0174895528372378,"Bacteria","Chloroflexi","Chloroflexia","Chloroflexales","Roseiflexaceae",NA,NA
"ASV4393",0.00705410240068292,0.0369917744628405,"Bacteria","Proteobacteria","Gammaproteobacteria","Burkholderiales","Methylophilaceae","Methylotenera","Methylotenera_versatilis"
"ASV4395",0.00705410240068292,0.0369917744628405,"Bacteria","Proteobacteria","Alphaproteobacteria","Reyranellales","Reyranellaceae","Reyranella",NA
"ASV4509",0.00285558548609658,0.0174895528372378,"Bacteria","Bacteroidota","Bacteroidia","Cytophagales","Microscillaceae","Ohtaekwangia",NA
"ASV453",0.00047227018544685,0.00407438830240347,"Bacteria","Acidobacteriota","Blastocatellia","Pyrinomonadales","Pyrinomonadaceae","RB41",NA
"ASV4538",0.00285558548609658,0.0174895528372378,"Bacteria","Chloroflexi","Chloroflexia","Thermomicrobiales","JG30-KF-CM45",NA,NA
"ASV4596",0.00108433256167357,0.00795728193886668,"Bacteria","Bacteroidota","Bacteroidia","Sphingobacteriales","env.OPS 17",NA,NA
"ASV4597",0.00285558548609658,0.0174895528372378,"Bacteria","Proteobacteria","Gammaproteobacteria","Burkholderiales","Nitrosomonadaceae","mle1-7",NA
"ASV4658",0.00285558548609658,0.0174895528372378,"Bacteria","Proteobacteria","Alphaproteobacteria","Rhizobiales","Rhizobiales Incertae Sedis",NA,NA
"ASV4659",0.00285558548609658,0.0174895528372378,"Bacteria","Nitrospirota","Leptospirillia","Leptospirillales","Leptospirillaceae","Leptospirillum",NA
"ASV470",0.000307114475347756,0.00324221290421951,"Bacteria","Myxococcota","Polyangia","Polyangiales","Polyangiaceae","Aetherobacter","Aetherobacter_rufus"
"ASV471",0.00705410240068292,0.0369917744628405,"Bacteria","Proteobacteria","Gammaproteobacteria","Burkholderiales","Comamonadaceae","Rhizobacter",NA
"ASV475",1.02689156151545e-05,0.000220689998979258,"Bacteria","Verrucomicrobiota","Verrucomicrobiae","Chthoniobacterales","Chthoniobacteraceae","Candidatus Udaeobacter",NA
"ASV476",1.02689156151545e-05,0.000220689998979258,"Bacteria","Proteobacteria","Gammaproteobacteria","Burkholderiales","Nitrosomonadaceae","Nitrosospira","Nitrosospira_multiformis"
"ASV4804",0.00705410240068292,0.0369917744628405,"Bacteria","Acidobacteriota","Acidobacteriae","Bryobacterales","Bryobacteraceae","Bryobacter",NA
"ASV484",1.02689156151545e-05,0.000220689998979258,"Bacteria","Acidobacteriota","Blastocatellia","Pyrinomonadales","Pyrinomonadaceae","RB41",NA
"ASV487",0.000125308727883931,0.0013772516347791,"Bacteria","Proteobacteria","Alphaproteobacteria","Acetobacterales","Acetobacteraceae",NA,NA
"ASV489",1.02689156151545e-05,0.000220689998979258,"Bacteria","Acidobacteriota","Thermoanaerobaculia","Thermoanaerobaculales","Thermoanaerobaculaceae","Subgroup 10",NA
"ASV4898",0.00285558548609658,0.0174895528372378,"Bacteria","Proteobacteria","Gammaproteobacteria","Burkholderiales","A21b",NA,NA
"ASV490",8.59730100150835e-05,0.00114965019503503,"Bacteria","Actinobacteriota","Thermoleophilia","Gaiellales","Gaiellaceae","Gaiella",NA
"ASV4907",0.00705410240068292,0.0369917744628405,"Bacteria","Proteobacteria","Alphaproteobacteria","Rhizobiales","Beijerinckiaceae","Neo-b11",NA
"ASV4980",0.00705410240068292,0.0369917744628405,"Bacteria","Proteobacteria","Alphaproteobacteria","Rhizobiales","Rhodomicrobiaceae","Rhodomicrobium",NA
"ASV4981",0.00285558548609658,0.0174895528372378,"Bacteria","Myxococcota","Polyangia","Haliangiales","Haliangiaceae","Haliangium",NA
"ASV501",1.02689156151545e-05,0.000220689998979258,"Bacteria","Proteobacteria","Alphaproteobacteria","Rhizobiales","Beijerinckiaceae","Microvirga",NA
"ASV5014",0.00108433256167357,0.00795728193886668,"Bacteria","Bacteroidota","Bacteroidia","Chitinophagales","Chitinophagaceae",NA,NA
"ASV503",1.02689156151545e-05,0.000220689998979258,"Bacteria","Proteobacteria","Alphaproteobacteria","Azospirillales","Azospirillaceae","Skermanella",NA
"ASV5049",0.00705410240068292,0.0369917744628405,"Bacteria","Verrucomicrobiota","Verrucomicrobiae","Chthoniobacterales","Chthoniobacteraceae","Chthoniobacter",NA
"ASV506",1.02689156151545e-05,0.000220689998979258,"Bacteria","Proteobacteria","Alphaproteobacteria","Rhizobiales","Rhizobiales Incertae Sedis",NA,NA
"ASV509",1.02689156151545e-05,0.000220689998979258,"Bacteria","Verrucomicrobiota","Verrucomicrobiae","Chthoniobacterales","Chthoniobacteraceae","Candidatus Udaeobacter",NA
"ASV510",1.02689156151545e-05,0.000220689998979258,"Bacteria","Proteobacteria","Alphaproteobacteria","Rhizobiales","Rhizobiaceae","Aminobacter",NA
"ASV5130",0.00705410240068292,0.0369917744628405,"Bacteria","Proteobacteria","Gammaproteobacteria","Gammaproteobacteria Incertae Sedis","Unknown Family","Acidibacter",NA
"ASV5132",0.000383391726577478,0.0033195103808345,"Bacteria","Chloroflexi","Anaerolineae","SBR1031","A4b",NA,NA
"ASV5174",0.00285558548609658,0.0174895528372378,"Bacteria","Firmicutes","Bacilli","Paenibacillales","Paenibacillaceae","Ammoniphilus",NA
"ASV518",0.00225742008108962,0.0163171475531012,"Bacteria","Actinobacteriota","Actinobacteria","Streptomycetales","Streptomycetaceae","Streptomyces",NA
"ASV5209",0.00705410240068292,0.0369917744628405,"Bacteria","Planctomycetota","Phycisphaerae","Tepidisphaerales","WD2101 soil group",NA,NA
"ASV5254",0.00705410240068292,0.0369917744628405,"Bacteria","Myxococcota","Polyangia","Polyangiales","Phaselicystidaceae","Phaselicystis",NA
"ASV5255",0.00108433256167357,0.00795728193886668,"Bacteria","Acidobacteriota","Acidobacteriae","Bryobacterales","Bryobacteraceae","Bryobacter",NA
"ASV5336",0.000125308727883931,0.0013772516347791,"Bacteria","Chloroflexi","Anaerolineae","SBR1031","A4b",NA,NA
"ASV535",0.00705410240068292,0.0369917744628405,"Bacteria","Proteobacteria","Gammaproteobacteria","Burkholderiales","Burkholderiaceae","Burkholderia-Caballeronia-Paraburkholderia",NA
"ASV537",1.02689156151545e-05,0.000220689998979258,"Bacteria","Verrucomicrobiota","Verrucomicrobiae","Pedosphaerales","Pedosphaeraceae",NA,NA
"ASV5550",0.00108433256167357,0.00795728193886668,"Bacteria","Acidobacteriota","Vicinamibacteria","Vicinamibacterales","Vicinamibacteraceae",NA,NA
"ASV557",1.02689156151545e-05,0.000220689998979258,"Bacteria","Proteobacteria","Gammaproteobacteria","Burkholderiales","Nitrosomonadaceae","Nitrosospira","Nitrosospira_multiformis"
"ASV558",1.02689156151545e-05,0.000220689998979258,"Bacteria","Proteobacteria","Alphaproteobacteria","Rhizobiales","Methyloligellaceae",NA,NA
"ASV5601",0.00705410240068292,0.0369917744628405,"Bacteria","Verrucomicrobiota","Verrucomicrobiae","Verrucomicrobiales","Verrucomicrobiaceae","Roseimicrobium",NA
"ASV573",0.000383391726577478,0.0033195103808345,"Bacteria","Acidobacteriota","Acidobacteriae","Bryobacterales","Bryobacteraceae","Bryobacter",NA
"ASV5744",0.00705410240068292,0.0369917744628405,"Bacteria","Proteobacteria","Gammaproteobacteria","Xanthomonadales","Xanthomonadaceae","Lysobacter",NA
"ASV582",1.02689156151545e-05,0.000220689998979258,"Bacteria","Verrucomicrobiota","Verrucomicrobiae","Chthoniobacterales","Chthoniobacteraceae","Candidatus Udaeobacter",NA
"ASV589",1.02689156151545e-05,0.000220689998979258,"Bacteria","Actinobacteriota","Actinobacteria","Streptomycetales","Streptomycetaceae","Streptomyces",NA
"ASV598",1.02689156151545e-05,0.000220689998979258,"Bacteria","Actinobacteriota","Actinobacteria","Frankiales","Geodermatophilaceae","Blastococcus",NA
"ASV602",1.02689156151545e-05,0.000220689998979258,"Bacteria","Acidobacteriota","Acidobacteriae","Bryobacterales","Bryobacteraceae","Bryobacter",NA
"ASV605",3.75846071382431e-05,0.000519920398745696,"Bacteria","Actinobacteriota","Actinobacteria","Corynebacteriales","Mycobacteriaceae","Mycobacterium",NA
"ASV616",1.02689156151545e-05,0.000220689998979258,"Bacteria","Bacteroidota","Bacteroidia","Chitinophagales","Chitinophagaceae","Segetibacter",NA
"ASV621",0.000125308727883931,0.0013772516347791,"Bacteria","Actinobacteriota","Thermoleophilia","Solirubrobacterales","Solirubrobacteraceae","Solirubrobacter",NA
"ASV625",2.44892875870372e-05,0.000471565721775988,"Bacteria","Actinobacteriota","Actinobacteria","Streptomycetales","Streptomycetaceae","Streptomyces",NA
"ASV6291",0.00285558548609658,0.0174895528372378,"Bacteria","Chloroflexi","Anaerolineae","SBR1031","A4b",NA,NA
"ASV633",1.02689156151545e-05,0.000220689998979258,"Bacteria","Firmicutes","Bacilli","Alicyclobacillales","Alicyclobacillaceae","Tumebacillus",NA
"ASV6369",0.00705410240068292,0.0369917744628405,"Bacteria","Myxococcota","Myxococcia","Myxococcales","Myxococcaceae","P3OB-42",NA
"ASV651",1.02689156151545e-05,0.000220689998979258,"Bacteria","Acidobacteriota","Vicinamibacteria","Vicinamibacterales","Vicinamibacteraceae",NA,NA
"ASV662",0.00108433256167357,0.00795728193886668,"Bacteria","Gemmatimonadota","Gemmatimonadetes","Gemmatimonadales","Gemmatimonadaceae",NA,NA
"ASV663",1.8306736618623e-05,0.000361182910172341,"Bacteria","Proteobacteria","Alphaproteobacteria","Sphingomonadales","Sphingomonadaceae","Sphingomonas","Sphingomonas_sediminicola"
"ASV664",1.02689156151545e-05,0.000220689998979258,"Bacteria","Actinobacteriota","Actinobacteria","Propionibacteriales","Nocardioidaceae","Aeromicrobium",NA
"ASV680",1.02689156151545e-05,0.000220689998979258,"Bacteria","Verrucomicrobiota","Verrucomicrobiae","Chthoniobacterales","Chthoniobacteraceae","Chthoniobacter",NA
"ASV682",1.41913958889126e-05,0.00029195461456934,"Bacteria","Proteobacteria","Alphaproteobacteria","Sphingomonadales","Sphingomonadaceae","Sphingomonas",NA
"ASV687",1.02689156151545e-05,0.000220689998979258,"Bacteria","Actinobacteriota","Actinobacteria","Frankiales","Geodermatophilaceae","Modestobacter",NA
"ASV706",3.64420272924621e-05,0.000519920398745696,"Bacteria","Bacteroidota","Bacteroidia","Chitinophagales","Chitinophagaceae","Flavitalea",NA
"ASV709",0.000102804719846044,0.00136713237938911,"Bacteria","Actinobacteriota","Actinobacteria","Frankiales","Geodermatophilaceae","Geodermatophilus",NA
"ASV7144",0.00285558548609658,0.0174895528372378,"Bacteria","Chloroflexi","Anaerolineae","Caldilineales","Caldilineaceae","Litorilinea",NA
"ASV7230",0.00705410240068292,0.0369917744628405,"Bacteria","Chloroflexi","Anaerolineae","Anaerolineales","Anaerolineaceae",NA,NA
"ASV74",1.47920460210136e-06,0.000220689998979258,"Bacteria","Actinobacteriota","Actinobacteria","Micrococcales","Micrococcaceae","Pseudarthrobacter",NA
"ASV756",1.02689156151545e-05,0.000220689998979258,"Bacteria","Firmicutes","Bacilli","Thermoactinomycetales","Thermoactinomycetaceae",NA,NA
"ASV757",3.64420272924621e-05,0.000519920398745696,"Bacteria","Proteobacteria","Alphaproteobacteria","Acetobacterales","Acetobacteraceae","Belnapia",NA
"ASV773",1.02689156151545e-05,0.000220689998979258,"Bacteria","Acidobacteriota","Blastocatellia","Pyrinomonadales","Pyrinomonadaceae","RB41",NA
"ASV775",1.41913958889126e-05,0.00029195461456934,"Bacteria","Proteobacteria","Alphaproteobacteria","Azospirillales","Azospirillaceae","Skermanella",NA
"ASV78",2.23371780734926e-05,0.000437118598560136,"Bacteria","Proteobacteria","Alphaproteobacteria","Sphingomonadales","Sphingomonadaceae","Sphingomonas",NA
"ASV787",0.00108433256167357,0.00795728193886668,"Bacteria","Bacteroidota","Bacteroidia","Chitinophagales","Chitinophagaceae",NA,NA
"ASV793",1.02689156151545e-05,0.000220689998979258,"Bacteria","Verrucomicrobiota","Verrucomicrobiae","Chthoniobacterales","Chthoniobacteraceae","Candidatus Udaeobacter",NA
"ASV798",1.02689156151545e-05,0.000220689998979258,"Bacteria","Acidobacteriota","Vicinamibacteria","Vicinamibacterales","Vicinamibacteraceae",NA,NA
"ASV808",0.000125308727883931,0.0013772516347791,"Bacteria","Actinobacteriota","Actinobacteria","Propionibacteriales","Nocardioidaceae","Kribbella",NA
"ASV810",0.00705410240068292,0.0369917744628405,"Bacteria","Planctomycetota","Phycisphaerae","Tepidisphaerales","WD2101 soil group",NA,NA
"ASV834",7.39602301050679e-07,0.000148351894885749,"Bacteria","Verrucomicrobiota","Verrucomicrobiae","Pedosphaerales","Pedosphaeraceae",NA,NA
"ASV844",0.000125308727883931,0.0013772516347791,"Bacteria","Actinobacteriota","Actinobacteria","Micrococcales","Intrasporangiaceae","Oryzihumus",NA
"ASV846",3.75846071382431e-05,0.000519920398745696,"Bacteria","Firmicutes","Bacilli","Bacillales","Planococcaceae",NA,NA
"ASV860",1.02689156151545e-05,0.000220689998979258,"Bacteria","Actinobacteriota","Actinobacteria","Pseudonocardiales","Pseudonocardiaceae","Pseudonocardia",NA
"ASV861",1.02689156151545e-05,0.000220689998979258,"Bacteria","Acidobacteriota","Vicinamibacteria","Vicinamibacterales","Vicinamibacteraceae",NA,NA
"ASV873",1.02689156151545e-05,0.000220689998979258,"Bacteria","Actinobacteriota","Thermoleophilia","Solirubrobacterales","Solirubrobacteraceae","Conexibacter",NA
"ASV877",3.75846071382431e-05,0.000519920398745696,"Bacteria","Acidobacteriota","Acidobacteriae","Bryobacterales","Bryobacteraceae","Bryobacter",NA
"ASV891",1.02689156151545e-05,0.000220689998979258,"Bacteria","Bacteroidota","Bacteroidia","Sphingobacteriales","Sphingobacteriaceae","Arcticibacter",NA
"ASV896",3.75846071382431e-05,0.000519920398745696,"Bacteria","Actinobacteriota","Actinobacteria","Micrococcales","Micrococcaceae","Paenarthrobacter",NA
"ASV897",3.51787478907003e-05,0.000519920398745696,"Bacteria","Verrucomicrobiota","Verrucomicrobiae","Pedosphaerales","Pedosphaeraceae","Ellin517",NA
"ASV903",3.75846071382431e-05,0.000519920398745696,"Bacteria","Firmicutes","Bacilli","Bacillales","Planococcaceae","Paenisporosarcina",NA
"ASV908",1.02689156151545e-05,0.000220689998979258,"Bacteria","Acidobacteriota","Vicinamibacteria","Vicinamibacterales","Vicinamibacteraceae",NA,NA
"ASV914",0.000228383027672659,0.00244319087825817,"Bacteria","Actinobacteriota","Actinobacteria","Frankiales","Geodermatophilaceae","Blastococcus",NA
"ASV916",1.02689156151545e-05,0.000220689998979258,"Bacteria","Bacteroidota","Bacteroidia","Chitinophagales","Chitinophagaceae","Flavisolibacter",NA
"ASV919",1.41913958889126e-05,0.00029195461456934,"Bacteria","Actinobacteriota","Actinobacteria","Frankiales","Geodermatophilaceae","Modestobacter",NA
"ASV926",1.02689156151545e-05,0.000220689998979258,"Bacteria","Verrucomicrobiota","Verrucomicrobiae","Pedosphaerales","Pedosphaeraceae","Ellin517",NA
"ASV929",0.000125308727883931,0.0013772516347791,"Bacteria","Proteobacteria","Gammaproteobacteria","Burkholderiales","Oxalobacteraceae","Massilia",NA
"ASV937",3.75846071382431e-05,0.000519920398745696,"Bacteria","Proteobacteria","Alphaproteobacteria","Rhizobiales","Xanthobacteraceae","Rhodoplanes",NA
"ASV957",1.02689156151545e-05,0.000220689998979258,"Bacteria","Actinobacteriota","Thermoleophilia","Solirubrobacterales","Solirubrobacteraceae",NA,NA
"ASV978",3.75846071382431e-05,0.000519920398745696,"Bacteria","Firmicutes","Bacilli","Bacillales","Planococcaceae",NA,NA
"ASV979",1.02689156151545e-05,0.000220689998979258,"Bacteria","Bacteroidota","Bacteroidia","Cytophagales","Hymenobacteraceae","Adhaeribacter",NA
"ASV993",0.000125308727883931,0.0013772516347791,"Bacteria","Acidobacteriota","Vicinamibacteria","Vicinamibacterales","Vicinamibacteraceae",NA,NA
